ISO-10303-21;
HEADER;
FILE_DESCRIPTION(('FreeCAD Model'),'2;1');
FILE_NAME('Open CASCADE Shape Model','2026-04-14T18:05:55',(''),(''),
  'Open CASCADE STEP processor 7.8','FreeCAD','Unknown');
FILE_SCHEMA(('AUTOMOTIVE_DESIGN { 1 0 10303 214 1 1 1 1 }'));
ENDSEC;
DATA;
#1 = APPLICATION_PROTOCOL_DEFINITION('international standard',
  'automotive_design',2000,#2);
#2 = APPLICATION_CONTEXT(
  'core data for automotive mechanical design processes');
#3 = SHAPE_DEFINITION_REPRESENTATION(#4,#10);
#4 = PRODUCT_DEFINITION_SHAPE('','',#5);
#5 = PRODUCT_DEFINITION('design','',#6,#9);
#6 = PRODUCT_DEFINITION_FORMATION('','',#7);
#7 = PRODUCT('db','db','',(#8));
#8 = PRODUCT_CONTEXT('',#2,'mechanical');
#9 = PRODUCT_DEFINITION_CONTEXT('part definition',#2,'design');
#10 = SHAPE_REPRESENTATION('',(#11,#15),#19);
#11 = AXIS2_PLACEMENT_3D('',#12,#13,#14);
#12 = CARTESIAN_POINT('',(0.,0.,0.));
#13 = DIRECTION('',(0.,0.,1.));
#14 = DIRECTION('',(1.,0.,-0.));
#15 = AXIS2_PLACEMENT_3D('',#16,#17,#18);
#16 = CARTESIAN_POINT('',(0.,0.,0.));
#17 = DIRECTION('',(0.,0.,1.));
#18 = DIRECTION('',(1.,0.,0.));
#19 = ( GEOMETRIC_REPRESENTATION_CONTEXT(3) 
GLOBAL_UNCERTAINTY_ASSIGNED_CONTEXT((#23)) GLOBAL_UNIT_ASSIGNED_CONTEXT(
(#20,#21,#22)) REPRESENTATION_CONTEXT('Context #1',
  '3D Context with UNIT and UNCERTAINTY') );
#20 = ( LENGTH_UNIT() NAMED_UNIT(*) SI_UNIT(.MILLI.,.METRE.) );
#21 = ( NAMED_UNIT(*) PLANE_ANGLE_UNIT() SI_UNIT($,.RADIAN.) );
#22 = ( NAMED_UNIT(*) SI_UNIT($,.STERADIAN.) SOLID_ANGLE_UNIT() );
#23 = UNCERTAINTY_MEASURE_WITH_UNIT(LENGTH_MEASURE(1.E-06),#20,
  'distance_accuracy_value','confusion accuracy');
#24 = PRODUCT_RELATED_PRODUCT_CATEGORY('part',$,(#7));
#25 = SHAPE_DEFINITION_REPRESENTATION(#26,#32);
#26 = PRODUCT_DEFINITION_SHAPE('','',#27);
#27 = PRODUCT_DEFINITION('design','',#28,#31);
#28 = PRODUCT_DEFINITION_FORMATION('','',#29);
#29 = PRODUCT('DB9_M','DB9_M','',(#30));
#30 = PRODUCT_CONTEXT('',#2,'mechanical');
#31 = PRODUCT_DEFINITION_CONTEXT('part definition',#2,'design');
#32 = ADVANCED_BREP_SHAPE_REPRESENTATION('',(#11,#33),#3613);
#33 = MANIFOLD_SOLID_BREP('',#34);
#34 = CLOSED_SHELL('',(#35,#86,#137,#188,#239,#290,#341,#392,#443,#494,
    #545,#596,#647,#698,#749,#800,#851,#902,#953,#995,#1037,#1079,#1121,
    #1287,#1453,#1619,#1785,#1811,#1833,#1855,#1877,#1899,#1911,#1923,
    #1935,#1947,#1965,#1985,#1997,#2009,#2021,#2053,#2077,#2102,#2126,
    #2151,#2175,#2200,#2217,#2303,#2325,#2342,#2359,#2376,#2393,#2410,
    #2427,#2439,#2457,#2481,#2499,#2523,#2541,#2565,#2583,#2607,#2625,
    #2649,#2667,#2691,#2709,#2733,#2751,#2775,#2793,#2817,#2849,#2873,
    #2898,#2922,#2947,#2971,#2996,#3013,#3099,#3121,#3138,#3155,#3172,
    #3189,#3206,#3223,#3235,#3253,#3277,#3295,#3319,#3337,#3361,#3379,
    #3403,#3421,#3445,#3463,#3487,#3505,#3529,#3547,#3571,#3589));
#35 = ADVANCED_FACE('',(#36),#81,.T.);
#36 = FACE_BOUND('',#37,.T.);
#37 = EDGE_LOOP('',(#38,#49,#57,#66,#74));
#38 = ORIENTED_EDGE('',*,*,#39,.F.);
#39 = EDGE_CURVE('',#40,#42,#44,.T.);
#40 = VERTEX_POINT('',#41);
#41 = CARTESIAN_POINT('',(6.123233995737E-17,10.73,0.5));
#42 = VERTEX_POINT('',#43);
#43 = CARTESIAN_POINT('',(0.5,10.73,1.224646799147E-16));
#44 = CIRCLE('',#45,0.5);
#45 = AXIS2_PLACEMENT_3D('',#46,#47,#48);
#46 = CARTESIAN_POINT('',(0.,10.73,0.));
#47 = DIRECTION('',(0.,1.,0.));
#48 = DIRECTION('',(0.,-0.,1.));
#49 = ORIENTED_EDGE('',*,*,#50,.T.);
#50 = EDGE_CURVE('',#40,#51,#53,.T.);
#51 = VERTEX_POINT('',#52);
#52 = CARTESIAN_POINT('',(6.123233995737E-17,6.73,0.5));
#53 = LINE('',#54,#55);
#54 = CARTESIAN_POINT('',(6.123233995737E-17,10.73,0.5));
#55 = VECTOR('',#56,1.);
#56 = DIRECTION('',(-0.,-1.,-0.));
#57 = ORIENTED_EDGE('',*,*,#58,.T.);
#58 = EDGE_CURVE('',#51,#59,#61,.T.);
#59 = VERTEX_POINT('',#60);
#60 = CARTESIAN_POINT('',(0.,6.73,-0.5));
#61 = CIRCLE('',#62,0.5);
#62 = AXIS2_PLACEMENT_3D('',#63,#64,#65);
#63 = CARTESIAN_POINT('',(0.,6.73,0.));
#64 = DIRECTION('',(0.,1.,0.));
#65 = DIRECTION('',(0.,-0.,1.));
#66 = ORIENTED_EDGE('',*,*,#67,.F.);
#67 = EDGE_CURVE('',#68,#59,#70,.T.);
#68 = VERTEX_POINT('',#69);
#69 = CARTESIAN_POINT('',(0.,10.73,-0.5));
#70 = LINE('',#71,#72);
#71 = CARTESIAN_POINT('',(0.,10.73,-0.5));
#72 = VECTOR('',#73,1.);
#73 = DIRECTION('',(-0.,-1.,-0.));
#74 = ORIENTED_EDGE('',*,*,#75,.F.);
#75 = EDGE_CURVE('',#42,#68,#76,.T.);
#76 = CIRCLE('',#77,0.5);
#77 = AXIS2_PLACEMENT_3D('',#78,#79,#80);
#78 = CARTESIAN_POINT('',(0.,10.73,0.));
#79 = DIRECTION('',(0.,1.,0.));
#80 = DIRECTION('',(0.,-0.,1.));
#81 = CYLINDRICAL_SURFACE('',#82,0.5);
#82 = AXIS2_PLACEMENT_3D('',#83,#84,#85);
#83 = CARTESIAN_POINT('',(0.,10.73,0.));
#84 = DIRECTION('',(-0.,-1.,-0.));
#85 = DIRECTION('',(0.,0.,-1.));
#86 = ADVANCED_FACE('',(#87),#132,.T.);
#87 = FACE_BOUND('',#88,.T.);
#88 = EDGE_LOOP('',(#89,#100,#108,#117,#125));
#89 = ORIENTED_EDGE('',*,*,#90,.F.);
#90 = EDGE_CURVE('',#91,#93,#95,.T.);
#91 = VERTEX_POINT('',#92);
#92 = CARTESIAN_POINT('',(-2.77,10.73,0.5));
#93 = VERTEX_POINT('',#94);
#94 = CARTESIAN_POINT('',(-2.27,10.73,1.224646799147E-16));
#95 = CIRCLE('',#96,0.5);
#96 = AXIS2_PLACEMENT_3D('',#97,#98,#99);
#97 = CARTESIAN_POINT('',(-2.77,10.73,0.));
#98 = DIRECTION('',(0.,1.,0.));
#99 = DIRECTION('',(0.,-0.,1.));
#100 = ORIENTED_EDGE('',*,*,#101,.T.);
#101 = EDGE_CURVE('',#91,#102,#104,.T.);
#102 = VERTEX_POINT('',#103);
#103 = CARTESIAN_POINT('',(-2.77,6.73,0.5));
#104 = LINE('',#105,#106);
#105 = CARTESIAN_POINT('',(-2.77,10.73,0.5));
#106 = VECTOR('',#107,1.);
#107 = DIRECTION('',(-0.,-1.,-0.));
#108 = ORIENTED_EDGE('',*,*,#109,.T.);
#109 = EDGE_CURVE('',#102,#110,#112,.T.);
#110 = VERTEX_POINT('',#111);
#111 = CARTESIAN_POINT('',(-2.77,6.73,-0.5));
#112 = CIRCLE('',#113,0.5);
#113 = AXIS2_PLACEMENT_3D('',#114,#115,#116);
#114 = CARTESIAN_POINT('',(-2.77,6.73,0.));
#115 = DIRECTION('',(0.,1.,0.));
#116 = DIRECTION('',(0.,-0.,1.));
#117 = ORIENTED_EDGE('',*,*,#118,.F.);
#118 = EDGE_CURVE('',#119,#110,#121,.T.);
#119 = VERTEX_POINT('',#120);
#120 = CARTESIAN_POINT('',(-2.77,10.73,-0.5));
#121 = LINE('',#122,#123);
#122 = CARTESIAN_POINT('',(-2.77,10.73,-0.5));
#123 = VECTOR('',#124,1.);
#124 = DIRECTION('',(-0.,-1.,-0.));
#125 = ORIENTED_EDGE('',*,*,#126,.F.);
#126 = EDGE_CURVE('',#93,#119,#127,.T.);
#127 = CIRCLE('',#128,0.5);
#128 = AXIS2_PLACEMENT_3D('',#129,#130,#131);
#129 = CARTESIAN_POINT('',(-2.77,10.73,0.));
#130 = DIRECTION('',(0.,1.,0.));
#131 = DIRECTION('',(0.,-0.,1.));
#132 = CYLINDRICAL_SURFACE('',#133,0.5);
#133 = AXIS2_PLACEMENT_3D('',#134,#135,#136);
#134 = CARTESIAN_POINT('',(-2.77,10.73,0.));
#135 = DIRECTION('',(-0.,-1.,-0.));
#136 = DIRECTION('',(0.,0.,-1.));
#137 = ADVANCED_FACE('',(#138),#183,.T.);
#138 = FACE_BOUND('',#139,.T.);
#139 = EDGE_LOOP('',(#140,#151,#159,#168,#176));
#140 = ORIENTED_EDGE('',*,*,#141,.F.);
#141 = EDGE_CURVE('',#142,#144,#146,.T.);
#142 = VERTEX_POINT('',#143);
#143 = CARTESIAN_POINT('',(-5.54,10.73,0.5));
#144 = VERTEX_POINT('',#145);
#145 = CARTESIAN_POINT('',(-5.04,10.73,1.224646799147E-16));
#146 = CIRCLE('',#147,0.5);
#147 = AXIS2_PLACEMENT_3D('',#148,#149,#150);
#148 = CARTESIAN_POINT('',(-5.54,10.73,0.));
#149 = DIRECTION('',(0.,1.,0.));
#150 = DIRECTION('',(0.,-0.,1.));
#151 = ORIENTED_EDGE('',*,*,#152,.T.);
#152 = EDGE_CURVE('',#142,#153,#155,.T.);
#153 = VERTEX_POINT('',#154);
#154 = CARTESIAN_POINT('',(-5.54,6.73,0.5));
#155 = LINE('',#156,#157);
#156 = CARTESIAN_POINT('',(-5.54,10.73,0.5));
#157 = VECTOR('',#158,1.);
#158 = DIRECTION('',(-0.,-1.,-0.));
#159 = ORIENTED_EDGE('',*,*,#160,.T.);
#160 = EDGE_CURVE('',#153,#161,#163,.T.);
#161 = VERTEX_POINT('',#162);
#162 = CARTESIAN_POINT('',(-5.54,6.73,-0.5));
#163 = CIRCLE('',#164,0.5);
#164 = AXIS2_PLACEMENT_3D('',#165,#166,#167);
#165 = CARTESIAN_POINT('',(-5.54,6.73,0.));
#166 = DIRECTION('',(0.,1.,0.));
#167 = DIRECTION('',(0.,-0.,1.));
#168 = ORIENTED_EDGE('',*,*,#169,.F.);
#169 = EDGE_CURVE('',#170,#161,#172,.T.);
#170 = VERTEX_POINT('',#171);
#171 = CARTESIAN_POINT('',(-5.54,10.73,-0.5));
#172 = LINE('',#173,#174);
#173 = CARTESIAN_POINT('',(-5.54,10.73,-0.5));
#174 = VECTOR('',#175,1.);
#175 = DIRECTION('',(-0.,-1.,-0.));
#176 = ORIENTED_EDGE('',*,*,#177,.F.);
#177 = EDGE_CURVE('',#144,#170,#178,.T.);
#178 = CIRCLE('',#179,0.5);
#179 = AXIS2_PLACEMENT_3D('',#180,#181,#182);
#180 = CARTESIAN_POINT('',(-5.54,10.73,0.));
#181 = DIRECTION('',(0.,1.,0.));
#182 = DIRECTION('',(0.,-0.,1.));
#183 = CYLINDRICAL_SURFACE('',#184,0.5);
#184 = AXIS2_PLACEMENT_3D('',#185,#186,#187);
#185 = CARTESIAN_POINT('',(-5.54,10.73,0.));
#186 = DIRECTION('',(-0.,-1.,-0.));
#187 = DIRECTION('',(0.,0.,-1.));
#188 = ADVANCED_FACE('',(#189),#234,.T.);
#189 = FACE_BOUND('',#190,.T.);
#190 = EDGE_LOOP('',(#191,#202,#210,#219,#227));
#191 = ORIENTED_EDGE('',*,*,#192,.F.);
#192 = EDGE_CURVE('',#193,#195,#197,.T.);
#193 = VERTEX_POINT('',#194);
#194 = CARTESIAN_POINT('',(-8.31,10.73,0.5));
#195 = VERTEX_POINT('',#196);
#196 = CARTESIAN_POINT('',(-7.81,10.73,1.224646799147E-16));
#197 = CIRCLE('',#198,0.5);
#198 = AXIS2_PLACEMENT_3D('',#199,#200,#201);
#199 = CARTESIAN_POINT('',(-8.31,10.73,0.));
#200 = DIRECTION('',(0.,1.,0.));
#201 = DIRECTION('',(0.,-0.,1.));
#202 = ORIENTED_EDGE('',*,*,#203,.T.);
#203 = EDGE_CURVE('',#193,#204,#206,.T.);
#204 = VERTEX_POINT('',#205);
#205 = CARTESIAN_POINT('',(-8.31,6.73,0.5));
#206 = LINE('',#207,#208);
#207 = CARTESIAN_POINT('',(-8.31,10.73,0.5));
#208 = VECTOR('',#209,1.);
#209 = DIRECTION('',(-0.,-1.,-0.));
#210 = ORIENTED_EDGE('',*,*,#211,.T.);
#211 = EDGE_CURVE('',#204,#212,#214,.T.);
#212 = VERTEX_POINT('',#213);
#213 = CARTESIAN_POINT('',(-8.31,6.73,-0.5));
#214 = CIRCLE('',#215,0.5);
#215 = AXIS2_PLACEMENT_3D('',#216,#217,#218);
#216 = CARTESIAN_POINT('',(-8.31,6.73,0.));
#217 = DIRECTION('',(0.,1.,0.));
#218 = DIRECTION('',(0.,-0.,1.));
#219 = ORIENTED_EDGE('',*,*,#220,.F.);
#220 = EDGE_CURVE('',#221,#212,#223,.T.);
#221 = VERTEX_POINT('',#222);
#222 = CARTESIAN_POINT('',(-8.31,10.73,-0.5));
#223 = LINE('',#224,#225);
#224 = CARTESIAN_POINT('',(-8.31,10.73,-0.5));
#225 = VECTOR('',#226,1.);
#226 = DIRECTION('',(-0.,-1.,-0.));
#227 = ORIENTED_EDGE('',*,*,#228,.F.);
#228 = EDGE_CURVE('',#195,#221,#229,.T.);
#229 = CIRCLE('',#230,0.5);
#230 = AXIS2_PLACEMENT_3D('',#231,#232,#233);
#231 = CARTESIAN_POINT('',(-8.31,10.73,0.));
#232 = DIRECTION('',(0.,1.,0.));
#233 = DIRECTION('',(0.,-0.,1.));
#234 = CYLINDRICAL_SURFACE('',#235,0.5);
#235 = AXIS2_PLACEMENT_3D('',#236,#237,#238);
#236 = CARTESIAN_POINT('',(-8.31,10.73,0.));
#237 = DIRECTION('',(-0.,-1.,-0.));
#238 = DIRECTION('',(0.,0.,-1.));
#239 = ADVANCED_FACE('',(#240),#285,.T.);
#240 = FACE_BOUND('',#241,.T.);
#241 = EDGE_LOOP('',(#242,#253,#261,#270,#278));
#242 = ORIENTED_EDGE('',*,*,#243,.F.);
#243 = EDGE_CURVE('',#244,#246,#248,.T.);
#244 = VERTEX_POINT('',#245);
#245 = CARTESIAN_POINT('',(-11.08,10.73,0.5));
#246 = VERTEX_POINT('',#247);
#247 = CARTESIAN_POINT('',(-10.58,10.73,1.224646799147E-16));
#248 = CIRCLE('',#249,0.5);
#249 = AXIS2_PLACEMENT_3D('',#250,#251,#252);
#250 = CARTESIAN_POINT('',(-11.08,10.73,0.));
#251 = DIRECTION('',(0.,1.,0.));
#252 = DIRECTION('',(0.,-0.,1.));
#253 = ORIENTED_EDGE('',*,*,#254,.T.);
#254 = EDGE_CURVE('',#244,#255,#257,.T.);
#255 = VERTEX_POINT('',#256);
#256 = CARTESIAN_POINT('',(-11.08,6.73,0.5));
#257 = LINE('',#258,#259);
#258 = CARTESIAN_POINT('',(-11.08,10.73,0.5));
#259 = VECTOR('',#260,1.);
#260 = DIRECTION('',(-0.,-1.,-0.));
#261 = ORIENTED_EDGE('',*,*,#262,.T.);
#262 = EDGE_CURVE('',#255,#263,#265,.T.);
#263 = VERTEX_POINT('',#264);
#264 = CARTESIAN_POINT('',(-11.08,6.73,-0.5));
#265 = CIRCLE('',#266,0.5);
#266 = AXIS2_PLACEMENT_3D('',#267,#268,#269);
#267 = CARTESIAN_POINT('',(-11.08,6.73,0.));
#268 = DIRECTION('',(0.,1.,0.));
#269 = DIRECTION('',(0.,-0.,1.));
#270 = ORIENTED_EDGE('',*,*,#271,.F.);
#271 = EDGE_CURVE('',#272,#263,#274,.T.);
#272 = VERTEX_POINT('',#273);
#273 = CARTESIAN_POINT('',(-11.08,10.73,-0.5));
#274 = LINE('',#275,#276);
#275 = CARTESIAN_POINT('',(-11.08,10.73,-0.5));
#276 = VECTOR('',#277,1.);
#277 = DIRECTION('',(-0.,-1.,-0.));
#278 = ORIENTED_EDGE('',*,*,#279,.F.);
#279 = EDGE_CURVE('',#246,#272,#280,.T.);
#280 = CIRCLE('',#281,0.5);
#281 = AXIS2_PLACEMENT_3D('',#282,#283,#284);
#282 = CARTESIAN_POINT('',(-11.08,10.73,0.));
#283 = DIRECTION('',(0.,1.,0.));
#284 = DIRECTION('',(0.,-0.,1.));
#285 = CYLINDRICAL_SURFACE('',#286,0.5);
#286 = AXIS2_PLACEMENT_3D('',#287,#288,#289);
#287 = CARTESIAN_POINT('',(-11.08,10.73,0.));
#288 = DIRECTION('',(-0.,-1.,-0.));
#289 = DIRECTION('',(0.,0.,-1.));
#290 = ADVANCED_FACE('',(#291),#336,.T.);
#291 = FACE_BOUND('',#292,.T.);
#292 = EDGE_LOOP('',(#293,#304,#312,#321,#329));
#293 = ORIENTED_EDGE('',*,*,#294,.F.);
#294 = EDGE_CURVE('',#295,#297,#299,.T.);
#295 = VERTEX_POINT('',#296);
#296 = CARTESIAN_POINT('',(-9.695,10.73,-2.34));
#297 = VERTEX_POINT('',#298);
#298 = CARTESIAN_POINT('',(-9.195,10.73,-2.84));
#299 = CIRCLE('',#300,0.5);
#300 = AXIS2_PLACEMENT_3D('',#301,#302,#303);
#301 = CARTESIAN_POINT('',(-9.695,10.73,-2.84));
#302 = DIRECTION('',(0.,1.,0.));
#303 = DIRECTION('',(0.,-0.,1.));
#304 = ORIENTED_EDGE('',*,*,#305,.T.);
#305 = EDGE_CURVE('',#295,#306,#308,.T.);
#306 = VERTEX_POINT('',#307);
#307 = CARTESIAN_POINT('',(-9.695,6.73,-2.34));
#308 = LINE('',#309,#310);
#309 = CARTESIAN_POINT('',(-9.695,10.73,-2.34));
#310 = VECTOR('',#311,1.);
#311 = DIRECTION('',(-0.,-1.,-0.));
#312 = ORIENTED_EDGE('',*,*,#313,.T.);
#313 = EDGE_CURVE('',#306,#314,#316,.T.);
#314 = VERTEX_POINT('',#315);
#315 = CARTESIAN_POINT('',(-9.695,6.73,-3.34));
#316 = CIRCLE('',#317,0.5);
#317 = AXIS2_PLACEMENT_3D('',#318,#319,#320);
#318 = CARTESIAN_POINT('',(-9.695,6.73,-2.84));
#319 = DIRECTION('',(0.,1.,0.));
#320 = DIRECTION('',(0.,-0.,1.));
#321 = ORIENTED_EDGE('',*,*,#322,.F.);
#322 = EDGE_CURVE('',#323,#314,#325,.T.);
#323 = VERTEX_POINT('',#324);
#324 = CARTESIAN_POINT('',(-9.695,10.73,-3.34));
#325 = LINE('',#326,#327);
#326 = CARTESIAN_POINT('',(-9.695,10.73,-3.34));
#327 = VECTOR('',#328,1.);
#328 = DIRECTION('',(-0.,-1.,-0.));
#329 = ORIENTED_EDGE('',*,*,#330,.F.);
#330 = EDGE_CURVE('',#297,#323,#331,.T.);
#331 = CIRCLE('',#332,0.5);
#332 = AXIS2_PLACEMENT_3D('',#333,#334,#335);
#333 = CARTESIAN_POINT('',(-9.695,10.73,-2.84));
#334 = DIRECTION('',(0.,1.,0.));
#335 = DIRECTION('',(0.,-0.,1.));
#336 = CYLINDRICAL_SURFACE('',#337,0.5);
#337 = AXIS2_PLACEMENT_3D('',#338,#339,#340);
#338 = CARTESIAN_POINT('',(-9.695,10.73,-2.84));
#339 = DIRECTION('',(-0.,-1.,-0.));
#340 = DIRECTION('',(0.,0.,-1.));
#341 = ADVANCED_FACE('',(#342),#387,.T.);
#342 = FACE_BOUND('',#343,.T.);
#343 = EDGE_LOOP('',(#344,#355,#363,#372,#380));
#344 = ORIENTED_EDGE('',*,*,#345,.F.);
#345 = EDGE_CURVE('',#346,#348,#350,.T.);
#346 = VERTEX_POINT('',#347);
#347 = CARTESIAN_POINT('',(-6.925,10.73,-2.34));
#348 = VERTEX_POINT('',#349);
#349 = CARTESIAN_POINT('',(-6.425,10.73,-2.84));
#350 = CIRCLE('',#351,0.5);
#351 = AXIS2_PLACEMENT_3D('',#352,#353,#354);
#352 = CARTESIAN_POINT('',(-6.925,10.73,-2.84));
#353 = DIRECTION('',(0.,1.,0.));
#354 = DIRECTION('',(0.,-0.,1.));
#355 = ORIENTED_EDGE('',*,*,#356,.T.);
#356 = EDGE_CURVE('',#346,#357,#359,.T.);
#357 = VERTEX_POINT('',#358);
#358 = CARTESIAN_POINT('',(-6.925,6.73,-2.34));
#359 = LINE('',#360,#361);
#360 = CARTESIAN_POINT('',(-6.925,10.73,-2.34));
#361 = VECTOR('',#362,1.);
#362 = DIRECTION('',(-0.,-1.,-0.));
#363 = ORIENTED_EDGE('',*,*,#364,.T.);
#364 = EDGE_CURVE('',#357,#365,#367,.T.);
#365 = VERTEX_POINT('',#366);
#366 = CARTESIAN_POINT('',(-6.925,6.73,-3.34));
#367 = CIRCLE('',#368,0.5);
#368 = AXIS2_PLACEMENT_3D('',#369,#370,#371);
#369 = CARTESIAN_POINT('',(-6.925,6.73,-2.84));
#370 = DIRECTION('',(0.,1.,0.));
#371 = DIRECTION('',(0.,-0.,1.));
#372 = ORIENTED_EDGE('',*,*,#373,.F.);
#373 = EDGE_CURVE('',#374,#365,#376,.T.);
#374 = VERTEX_POINT('',#375);
#375 = CARTESIAN_POINT('',(-6.925,10.73,-3.34));
#376 = LINE('',#377,#378);
#377 = CARTESIAN_POINT('',(-6.925,10.73,-3.34));
#378 = VECTOR('',#379,1.);
#379 = DIRECTION('',(-0.,-1.,-0.));
#380 = ORIENTED_EDGE('',*,*,#381,.F.);
#381 = EDGE_CURVE('',#348,#374,#382,.T.);
#382 = CIRCLE('',#383,0.5);
#383 = AXIS2_PLACEMENT_3D('',#384,#385,#386);
#384 = CARTESIAN_POINT('',(-6.925,10.73,-2.84));
#385 = DIRECTION('',(0.,1.,0.));
#386 = DIRECTION('',(0.,-0.,1.));
#387 = CYLINDRICAL_SURFACE('',#388,0.5);
#388 = AXIS2_PLACEMENT_3D('',#389,#390,#391);
#389 = CARTESIAN_POINT('',(-6.925,10.73,-2.84));
#390 = DIRECTION('',(-0.,-1.,-0.));
#391 = DIRECTION('',(0.,0.,-1.));
#392 = ADVANCED_FACE('',(#393),#438,.T.);
#393 = FACE_BOUND('',#394,.T.);
#394 = EDGE_LOOP('',(#395,#406,#414,#423,#431));
#395 = ORIENTED_EDGE('',*,*,#396,.F.);
#396 = EDGE_CURVE('',#397,#399,#401,.T.);
#397 = VERTEX_POINT('',#398);
#398 = CARTESIAN_POINT('',(-4.155,10.73,-2.34));
#399 = VERTEX_POINT('',#400);
#400 = CARTESIAN_POINT('',(-3.655,10.73,-2.84));
#401 = CIRCLE('',#402,0.5);
#402 = AXIS2_PLACEMENT_3D('',#403,#404,#405);
#403 = CARTESIAN_POINT('',(-4.155,10.73,-2.84));
#404 = DIRECTION('',(0.,1.,0.));
#405 = DIRECTION('',(0.,-0.,1.));
#406 = ORIENTED_EDGE('',*,*,#407,.T.);
#407 = EDGE_CURVE('',#397,#408,#410,.T.);
#408 = VERTEX_POINT('',#409);
#409 = CARTESIAN_POINT('',(-4.155,6.73,-2.34));
#410 = LINE('',#411,#412);
#411 = CARTESIAN_POINT('',(-4.155,10.73,-2.34));
#412 = VECTOR('',#413,1.);
#413 = DIRECTION('',(-0.,-1.,-0.));
#414 = ORIENTED_EDGE('',*,*,#415,.T.);
#415 = EDGE_CURVE('',#408,#416,#418,.T.);
#416 = VERTEX_POINT('',#417);
#417 = CARTESIAN_POINT('',(-4.155,6.73,-3.34));
#418 = CIRCLE('',#419,0.5);
#419 = AXIS2_PLACEMENT_3D('',#420,#421,#422);
#420 = CARTESIAN_POINT('',(-4.155,6.73,-2.84));
#421 = DIRECTION('',(0.,1.,0.));
#422 = DIRECTION('',(0.,-0.,1.));
#423 = ORIENTED_EDGE('',*,*,#424,.F.);
#424 = EDGE_CURVE('',#425,#416,#427,.T.);
#425 = VERTEX_POINT('',#426);
#426 = CARTESIAN_POINT('',(-4.155,10.73,-3.34));
#427 = LINE('',#428,#429);
#428 = CARTESIAN_POINT('',(-4.155,10.73,-3.34));
#429 = VECTOR('',#430,1.);
#430 = DIRECTION('',(-0.,-1.,-0.));
#431 = ORIENTED_EDGE('',*,*,#432,.F.);
#432 = EDGE_CURVE('',#399,#425,#433,.T.);
#433 = CIRCLE('',#434,0.5);
#434 = AXIS2_PLACEMENT_3D('',#435,#436,#437);
#435 = CARTESIAN_POINT('',(-4.155,10.73,-2.84));
#436 = DIRECTION('',(0.,1.,0.));
#437 = DIRECTION('',(0.,-0.,1.));
#438 = CYLINDRICAL_SURFACE('',#439,0.5);
#439 = AXIS2_PLACEMENT_3D('',#440,#441,#442);
#440 = CARTESIAN_POINT('',(-4.155,10.73,-2.84));
#441 = DIRECTION('',(-0.,-1.,-0.));
#442 = DIRECTION('',(0.,0.,-1.));
#443 = ADVANCED_FACE('',(#444),#489,.T.);
#444 = FACE_BOUND('',#445,.T.);
#445 = EDGE_LOOP('',(#446,#457,#465,#474,#482));
#446 = ORIENTED_EDGE('',*,*,#447,.F.);
#447 = EDGE_CURVE('',#448,#450,#452,.T.);
#448 = VERTEX_POINT('',#449);
#449 = CARTESIAN_POINT('',(-1.385,10.73,-2.34));
#450 = VERTEX_POINT('',#451);
#451 = CARTESIAN_POINT('',(-0.885,10.73,-2.84));
#452 = CIRCLE('',#453,0.5);
#453 = AXIS2_PLACEMENT_3D('',#454,#455,#456);
#454 = CARTESIAN_POINT('',(-1.385,10.73,-2.84));
#455 = DIRECTION('',(0.,1.,0.));
#456 = DIRECTION('',(0.,-0.,1.));
#457 = ORIENTED_EDGE('',*,*,#458,.T.);
#458 = EDGE_CURVE('',#448,#459,#461,.T.);
#459 = VERTEX_POINT('',#460);
#460 = CARTESIAN_POINT('',(-1.385,6.73,-2.34));
#461 = LINE('',#462,#463);
#462 = CARTESIAN_POINT('',(-1.385,10.73,-2.34));
#463 = VECTOR('',#464,1.);
#464 = DIRECTION('',(-0.,-1.,-0.));
#465 = ORIENTED_EDGE('',*,*,#466,.T.);
#466 = EDGE_CURVE('',#459,#467,#469,.T.);
#467 = VERTEX_POINT('',#468);
#468 = CARTESIAN_POINT('',(-1.385,6.73,-3.34));
#469 = CIRCLE('',#470,0.5);
#470 = AXIS2_PLACEMENT_3D('',#471,#472,#473);
#471 = CARTESIAN_POINT('',(-1.385,6.73,-2.84));
#472 = DIRECTION('',(0.,1.,0.));
#473 = DIRECTION('',(0.,-0.,1.));
#474 = ORIENTED_EDGE('',*,*,#475,.F.);
#475 = EDGE_CURVE('',#476,#467,#478,.T.);
#476 = VERTEX_POINT('',#477);
#477 = CARTESIAN_POINT('',(-1.385,10.73,-3.34));
#478 = LINE('',#479,#480);
#479 = CARTESIAN_POINT('',(-1.385,10.73,-3.34));
#480 = VECTOR('',#481,1.);
#481 = DIRECTION('',(-0.,-1.,-0.));
#482 = ORIENTED_EDGE('',*,*,#483,.F.);
#483 = EDGE_CURVE('',#450,#476,#484,.T.);
#484 = CIRCLE('',#485,0.5);
#485 = AXIS2_PLACEMENT_3D('',#486,#487,#488);
#486 = CARTESIAN_POINT('',(-1.385,10.73,-2.84));
#487 = DIRECTION('',(0.,1.,0.));
#488 = DIRECTION('',(0.,-0.,1.));
#489 = CYLINDRICAL_SURFACE('',#490,0.5);
#490 = AXIS2_PLACEMENT_3D('',#491,#492,#493);
#491 = CARTESIAN_POINT('',(-1.385,10.73,-2.84));
#492 = DIRECTION('',(-0.,-1.,-0.));
#493 = DIRECTION('',(0.,0.,-1.));
#494 = ADVANCED_FACE('',(#495),#540,.T.);
#495 = FACE_BOUND('',#496,.T.);
#496 = EDGE_LOOP('',(#497,#508,#516,#525,#533));
#497 = ORIENTED_EDGE('',*,*,#498,.F.);
#498 = EDGE_CURVE('',#499,#501,#503,.T.);
#499 = VERTEX_POINT('',#500);
#500 = CARTESIAN_POINT('',(-9.695,-2.99,-3.34));
#501 = VERTEX_POINT('',#502);
#502 = CARTESIAN_POINT('',(-9.195,-2.99,-2.84));
#503 = CIRCLE('',#504,0.5);
#504 = AXIS2_PLACEMENT_3D('',#505,#506,#507);
#505 = CARTESIAN_POINT('',(-9.695,-2.99,-2.84));
#506 = DIRECTION('',(0.,-1.,0.));
#507 = DIRECTION('',(0.,0.,-1.));
#508 = ORIENTED_EDGE('',*,*,#509,.T.);
#509 = EDGE_CURVE('',#499,#510,#512,.T.);
#510 = VERTEX_POINT('',#511);
#511 = CARTESIAN_POINT('',(-9.695,1.E-02,-3.34));
#512 = LINE('',#513,#514);
#513 = CARTESIAN_POINT('',(-9.695,-2.99,-3.34));
#514 = VECTOR('',#515,1.);
#515 = DIRECTION('',(-0.,1.,-0.));
#516 = ORIENTED_EDGE('',*,*,#517,.T.);
#517 = EDGE_CURVE('',#510,#518,#520,.T.);
#518 = VERTEX_POINT('',#519);
#519 = CARTESIAN_POINT('',(-9.695,1.E-02,-2.34));
#520 = CIRCLE('',#521,0.5);
#521 = AXIS2_PLACEMENT_3D('',#522,#523,#524);
#522 = CARTESIAN_POINT('',(-9.695,1.E-02,-2.84));
#523 = DIRECTION('',(0.,-1.,0.));
#524 = DIRECTION('',(0.,0.,-1.));
#525 = ORIENTED_EDGE('',*,*,#526,.F.);
#526 = EDGE_CURVE('',#527,#518,#529,.T.);
#527 = VERTEX_POINT('',#528);
#528 = CARTESIAN_POINT('',(-9.695,-2.99,-2.34));
#529 = LINE('',#530,#531);
#530 = CARTESIAN_POINT('',(-9.695,-2.99,-2.34));
#531 = VECTOR('',#532,1.);
#532 = DIRECTION('',(-0.,1.,-0.));
#533 = ORIENTED_EDGE('',*,*,#534,.F.);
#534 = EDGE_CURVE('',#501,#527,#535,.T.);
#535 = CIRCLE('',#536,0.5);
#536 = AXIS2_PLACEMENT_3D('',#537,#538,#539);
#537 = CARTESIAN_POINT('',(-9.695,-2.99,-2.84));
#538 = DIRECTION('',(0.,-1.,0.));
#539 = DIRECTION('',(0.,0.,-1.));
#540 = CYLINDRICAL_SURFACE('',#541,0.5);
#541 = AXIS2_PLACEMENT_3D('',#542,#543,#544);
#542 = CARTESIAN_POINT('',(-9.695,-2.99,-2.84));
#543 = DIRECTION('',(-0.,1.,-0.));
#544 = DIRECTION('',(0.,0.,1.));
#545 = ADVANCED_FACE('',(#546),#591,.T.);
#546 = FACE_BOUND('',#547,.T.);
#547 = EDGE_LOOP('',(#548,#559,#567,#576,#584));
#548 = ORIENTED_EDGE('',*,*,#549,.F.);
#549 = EDGE_CURVE('',#550,#552,#554,.T.);
#550 = VERTEX_POINT('',#551);
#551 = CARTESIAN_POINT('',(-6.925,-2.99,-3.34));
#552 = VERTEX_POINT('',#553);
#553 = CARTESIAN_POINT('',(-6.425,-2.99,-2.84));
#554 = CIRCLE('',#555,0.5);
#555 = AXIS2_PLACEMENT_3D('',#556,#557,#558);
#556 = CARTESIAN_POINT('',(-6.925,-2.99,-2.84));
#557 = DIRECTION('',(0.,-1.,0.));
#558 = DIRECTION('',(0.,0.,-1.));
#559 = ORIENTED_EDGE('',*,*,#560,.T.);
#560 = EDGE_CURVE('',#550,#561,#563,.T.);
#561 = VERTEX_POINT('',#562);
#562 = CARTESIAN_POINT('',(-6.925,1.E-02,-3.34));
#563 = LINE('',#564,#565);
#564 = CARTESIAN_POINT('',(-6.925,-2.99,-3.34));
#565 = VECTOR('',#566,1.);
#566 = DIRECTION('',(-0.,1.,-0.));
#567 = ORIENTED_EDGE('',*,*,#568,.T.);
#568 = EDGE_CURVE('',#561,#569,#571,.T.);
#569 = VERTEX_POINT('',#570);
#570 = CARTESIAN_POINT('',(-6.925,1.E-02,-2.34));
#571 = CIRCLE('',#572,0.5);
#572 = AXIS2_PLACEMENT_3D('',#573,#574,#575);
#573 = CARTESIAN_POINT('',(-6.925,1.E-02,-2.84));
#574 = DIRECTION('',(0.,-1.,0.));
#575 = DIRECTION('',(0.,0.,-1.));
#576 = ORIENTED_EDGE('',*,*,#577,.F.);
#577 = EDGE_CURVE('',#578,#569,#580,.T.);
#578 = VERTEX_POINT('',#579);
#579 = CARTESIAN_POINT('',(-6.925,-2.99,-2.34));
#580 = LINE('',#581,#582);
#581 = CARTESIAN_POINT('',(-6.925,-2.99,-2.34));
#582 = VECTOR('',#583,1.);
#583 = DIRECTION('',(-0.,1.,-0.));
#584 = ORIENTED_EDGE('',*,*,#585,.F.);
#585 = EDGE_CURVE('',#552,#578,#586,.T.);
#586 = CIRCLE('',#587,0.5);
#587 = AXIS2_PLACEMENT_3D('',#588,#589,#590);
#588 = CARTESIAN_POINT('',(-6.925,-2.99,-2.84));
#589 = DIRECTION('',(0.,-1.,0.));
#590 = DIRECTION('',(0.,0.,-1.));
#591 = CYLINDRICAL_SURFACE('',#592,0.5);
#592 = AXIS2_PLACEMENT_3D('',#593,#594,#595);
#593 = CARTESIAN_POINT('',(-6.925,-2.99,-2.84));
#594 = DIRECTION('',(-0.,1.,-0.));
#595 = DIRECTION('',(0.,0.,1.));
#596 = ADVANCED_FACE('',(#597),#642,.T.);
#597 = FACE_BOUND('',#598,.T.);
#598 = EDGE_LOOP('',(#599,#610,#618,#627,#635));
#599 = ORIENTED_EDGE('',*,*,#600,.F.);
#600 = EDGE_CURVE('',#601,#603,#605,.T.);
#601 = VERTEX_POINT('',#602);
#602 = CARTESIAN_POINT('',(-4.155,-2.99,-3.34));
#603 = VERTEX_POINT('',#604);
#604 = CARTESIAN_POINT('',(-3.655,-2.99,-2.84));
#605 = CIRCLE('',#606,0.5);
#606 = AXIS2_PLACEMENT_3D('',#607,#608,#609);
#607 = CARTESIAN_POINT('',(-4.155,-2.99,-2.84));
#608 = DIRECTION('',(0.,-1.,0.));
#609 = DIRECTION('',(0.,0.,-1.));
#610 = ORIENTED_EDGE('',*,*,#611,.T.);
#611 = EDGE_CURVE('',#601,#612,#614,.T.);
#612 = VERTEX_POINT('',#613);
#613 = CARTESIAN_POINT('',(-4.155,1.E-02,-3.34));
#614 = LINE('',#615,#616);
#615 = CARTESIAN_POINT('',(-4.155,-2.99,-3.34));
#616 = VECTOR('',#617,1.);
#617 = DIRECTION('',(-0.,1.,-0.));
#618 = ORIENTED_EDGE('',*,*,#619,.T.);
#619 = EDGE_CURVE('',#612,#620,#622,.T.);
#620 = VERTEX_POINT('',#621);
#621 = CARTESIAN_POINT('',(-4.155,1.E-02,-2.34));
#622 = CIRCLE('',#623,0.5);
#623 = AXIS2_PLACEMENT_3D('',#624,#625,#626);
#624 = CARTESIAN_POINT('',(-4.155,1.E-02,-2.84));
#625 = DIRECTION('',(0.,-1.,0.));
#626 = DIRECTION('',(0.,0.,-1.));
#627 = ORIENTED_EDGE('',*,*,#628,.F.);
#628 = EDGE_CURVE('',#629,#620,#631,.T.);
#629 = VERTEX_POINT('',#630);
#630 = CARTESIAN_POINT('',(-4.155,-2.99,-2.34));
#631 = LINE('',#632,#633);
#632 = CARTESIAN_POINT('',(-4.155,-2.99,-2.34));
#633 = VECTOR('',#634,1.);
#634 = DIRECTION('',(-0.,1.,-0.));
#635 = ORIENTED_EDGE('',*,*,#636,.F.);
#636 = EDGE_CURVE('',#603,#629,#637,.T.);
#637 = CIRCLE('',#638,0.5);
#638 = AXIS2_PLACEMENT_3D('',#639,#640,#641);
#639 = CARTESIAN_POINT('',(-4.155,-2.99,-2.84));
#640 = DIRECTION('',(0.,-1.,0.));
#641 = DIRECTION('',(0.,0.,-1.));
#642 = CYLINDRICAL_SURFACE('',#643,0.5);
#643 = AXIS2_PLACEMENT_3D('',#644,#645,#646);
#644 = CARTESIAN_POINT('',(-4.155,-2.99,-2.84));
#645 = DIRECTION('',(-0.,1.,-0.));
#646 = DIRECTION('',(0.,0.,1.));
#647 = ADVANCED_FACE('',(#648),#693,.T.);
#648 = FACE_BOUND('',#649,.T.);
#649 = EDGE_LOOP('',(#650,#661,#669,#678,#686));
#650 = ORIENTED_EDGE('',*,*,#651,.F.);
#651 = EDGE_CURVE('',#652,#654,#656,.T.);
#652 = VERTEX_POINT('',#653);
#653 = CARTESIAN_POINT('',(-1.385,-2.99,-3.34));
#654 = VERTEX_POINT('',#655);
#655 = CARTESIAN_POINT('',(-0.885,-2.99,-2.84));
#656 = CIRCLE('',#657,0.5);
#657 = AXIS2_PLACEMENT_3D('',#658,#659,#660);
#658 = CARTESIAN_POINT('',(-1.385,-2.99,-2.84));
#659 = DIRECTION('',(0.,-1.,0.));
#660 = DIRECTION('',(0.,0.,-1.));
#661 = ORIENTED_EDGE('',*,*,#662,.T.);
#662 = EDGE_CURVE('',#652,#663,#665,.T.);
#663 = VERTEX_POINT('',#664);
#664 = CARTESIAN_POINT('',(-1.385,1.E-02,-3.34));
#665 = LINE('',#666,#667);
#666 = CARTESIAN_POINT('',(-1.385,-2.99,-3.34));
#667 = VECTOR('',#668,1.);
#668 = DIRECTION('',(-0.,1.,-0.));
#669 = ORIENTED_EDGE('',*,*,#670,.T.);
#670 = EDGE_CURVE('',#663,#671,#673,.T.);
#671 = VERTEX_POINT('',#672);
#672 = CARTESIAN_POINT('',(-1.385,1.E-02,-2.34));
#673 = CIRCLE('',#674,0.5);
#674 = AXIS2_PLACEMENT_3D('',#675,#676,#677);
#675 = CARTESIAN_POINT('',(-1.385,1.E-02,-2.84));
#676 = DIRECTION('',(0.,-1.,0.));
#677 = DIRECTION('',(0.,0.,-1.));
#678 = ORIENTED_EDGE('',*,*,#679,.F.);
#679 = EDGE_CURVE('',#680,#671,#682,.T.);
#680 = VERTEX_POINT('',#681);
#681 = CARTESIAN_POINT('',(-1.385,-2.99,-2.34));
#682 = LINE('',#683,#684);
#683 = CARTESIAN_POINT('',(-1.385,-2.99,-2.34));
#684 = VECTOR('',#685,1.);
#685 = DIRECTION('',(-0.,1.,-0.));
#686 = ORIENTED_EDGE('',*,*,#687,.F.);
#687 = EDGE_CURVE('',#654,#680,#688,.T.);
#688 = CIRCLE('',#689,0.5);
#689 = AXIS2_PLACEMENT_3D('',#690,#691,#692);
#690 = CARTESIAN_POINT('',(-1.385,-2.99,-2.84));
#691 = DIRECTION('',(0.,-1.,0.));
#692 = DIRECTION('',(0.,0.,-1.));
#693 = CYLINDRICAL_SURFACE('',#694,0.5);
#694 = AXIS2_PLACEMENT_3D('',#695,#696,#697);
#695 = CARTESIAN_POINT('',(-1.385,-2.99,-2.84));
#696 = DIRECTION('',(-0.,1.,-0.));
#697 = DIRECTION('',(0.,0.,1.));
#698 = ADVANCED_FACE('',(#699),#744,.T.);
#699 = FACE_BOUND('',#700,.T.);
#700 = EDGE_LOOP('',(#701,#712,#720,#729,#737));
#701 = ORIENTED_EDGE('',*,*,#702,.F.);
#702 = EDGE_CURVE('',#703,#705,#707,.T.);
#703 = VERTEX_POINT('',#704);
#704 = CARTESIAN_POINT('',(-11.08,-2.99,-0.5));
#705 = VERTEX_POINT('',#706);
#706 = CARTESIAN_POINT('',(-10.58,-2.99,3.872726815183E-17));
#707 = CIRCLE('',#708,0.5);
#708 = AXIS2_PLACEMENT_3D('',#709,#710,#711);
#709 = CARTESIAN_POINT('',(-11.08,-2.99,0.));
#710 = DIRECTION('',(0.,-1.,0.));
#711 = DIRECTION('',(0.,0.,-1.));
#712 = ORIENTED_EDGE('',*,*,#713,.T.);
#713 = EDGE_CURVE('',#703,#714,#716,.T.);
#714 = VERTEX_POINT('',#715);
#715 = CARTESIAN_POINT('',(-11.08,1.E-02,-0.5));
#716 = LINE('',#717,#718);
#717 = CARTESIAN_POINT('',(-11.08,-2.99,-0.5));
#718 = VECTOR('',#719,1.);
#719 = DIRECTION('',(-0.,1.,-0.));
#720 = ORIENTED_EDGE('',*,*,#721,.T.);
#721 = EDGE_CURVE('',#714,#722,#724,.T.);
#722 = VERTEX_POINT('',#723);
#723 = CARTESIAN_POINT('',(-11.08,1.E-02,0.5));
#724 = CIRCLE('',#725,0.5);
#725 = AXIS2_PLACEMENT_3D('',#726,#727,#728);
#726 = CARTESIAN_POINT('',(-11.08,1.E-02,0.));
#727 = DIRECTION('',(0.,-1.,0.));
#728 = DIRECTION('',(0.,0.,-1.));
#729 = ORIENTED_EDGE('',*,*,#730,.F.);
#730 = EDGE_CURVE('',#731,#722,#733,.T.);
#731 = VERTEX_POINT('',#732);
#732 = CARTESIAN_POINT('',(-11.08,-2.99,0.5));
#733 = LINE('',#734,#735);
#734 = CARTESIAN_POINT('',(-11.08,-2.99,0.5));
#735 = VECTOR('',#736,1.);
#736 = DIRECTION('',(-0.,1.,-0.));
#737 = ORIENTED_EDGE('',*,*,#738,.F.);
#738 = EDGE_CURVE('',#705,#731,#739,.T.);
#739 = CIRCLE('',#740,0.5);
#740 = AXIS2_PLACEMENT_3D('',#741,#742,#743);
#741 = CARTESIAN_POINT('',(-11.08,-2.99,0.));
#742 = DIRECTION('',(0.,-1.,0.));
#743 = DIRECTION('',(0.,0.,-1.));
#744 = CYLINDRICAL_SURFACE('',#745,0.5);
#745 = AXIS2_PLACEMENT_3D('',#746,#747,#748);
#746 = CARTESIAN_POINT('',(-11.08,-2.99,0.));
#747 = DIRECTION('',(-0.,1.,-0.));
#748 = DIRECTION('',(0.,0.,1.));
#749 = ADVANCED_FACE('',(#750),#795,.T.);
#750 = FACE_BOUND('',#751,.T.);
#751 = EDGE_LOOP('',(#752,#763,#771,#780,#788));
#752 = ORIENTED_EDGE('',*,*,#753,.F.);
#753 = EDGE_CURVE('',#754,#756,#758,.T.);
#754 = VERTEX_POINT('',#755);
#755 = CARTESIAN_POINT('',(-8.31,-2.99,-0.5));
#756 = VERTEX_POINT('',#757);
#757 = CARTESIAN_POINT('',(-7.81,-2.99,0.));
#758 = CIRCLE('',#759,0.5);
#759 = AXIS2_PLACEMENT_3D('',#760,#761,#762);
#760 = CARTESIAN_POINT('',(-8.31,-2.99,0.));
#761 = DIRECTION('',(0.,-1.,0.));
#762 = DIRECTION('',(0.,0.,-1.));
#763 = ORIENTED_EDGE('',*,*,#764,.T.);
#764 = EDGE_CURVE('',#754,#765,#767,.T.);
#765 = VERTEX_POINT('',#766);
#766 = CARTESIAN_POINT('',(-8.31,1.E-02,-0.5));
#767 = LINE('',#768,#769);
#768 = CARTESIAN_POINT('',(-8.31,-2.99,-0.5));
#769 = VECTOR('',#770,1.);
#770 = DIRECTION('',(-0.,1.,-0.));
#771 = ORIENTED_EDGE('',*,*,#772,.T.);
#772 = EDGE_CURVE('',#765,#773,#775,.T.);
#773 = VERTEX_POINT('',#774);
#774 = CARTESIAN_POINT('',(-8.31,1.E-02,0.5));
#775 = CIRCLE('',#776,0.5);
#776 = AXIS2_PLACEMENT_3D('',#777,#778,#779);
#777 = CARTESIAN_POINT('',(-8.31,1.E-02,0.));
#778 = DIRECTION('',(0.,-1.,0.));
#779 = DIRECTION('',(0.,0.,-1.));
#780 = ORIENTED_EDGE('',*,*,#781,.F.);
#781 = EDGE_CURVE('',#782,#773,#784,.T.);
#782 = VERTEX_POINT('',#783);
#783 = CARTESIAN_POINT('',(-8.31,-2.99,0.5));
#784 = LINE('',#785,#786);
#785 = CARTESIAN_POINT('',(-8.31,-2.99,0.5));
#786 = VECTOR('',#787,1.);
#787 = DIRECTION('',(-0.,1.,-0.));
#788 = ORIENTED_EDGE('',*,*,#789,.F.);
#789 = EDGE_CURVE('',#756,#782,#790,.T.);
#790 = CIRCLE('',#791,0.5);
#791 = AXIS2_PLACEMENT_3D('',#792,#793,#794);
#792 = CARTESIAN_POINT('',(-8.31,-2.99,0.));
#793 = DIRECTION('',(0.,-1.,0.));
#794 = DIRECTION('',(0.,0.,-1.));
#795 = CYLINDRICAL_SURFACE('',#796,0.5);
#796 = AXIS2_PLACEMENT_3D('',#797,#798,#799);
#797 = CARTESIAN_POINT('',(-8.31,-2.99,0.));
#798 = DIRECTION('',(-0.,1.,-0.));
#799 = DIRECTION('',(0.,0.,1.));
#800 = ADVANCED_FACE('',(#801),#846,.T.);
#801 = FACE_BOUND('',#802,.T.);
#802 = EDGE_LOOP('',(#803,#814,#822,#831,#839));
#803 = ORIENTED_EDGE('',*,*,#804,.F.);
#804 = EDGE_CURVE('',#805,#807,#809,.T.);
#805 = VERTEX_POINT('',#806);
#806 = CARTESIAN_POINT('',(-5.54,-2.99,-0.5));
#807 = VERTEX_POINT('',#808);
#808 = CARTESIAN_POINT('',(-5.04,-2.99,0.));
#809 = CIRCLE('',#810,0.5);
#810 = AXIS2_PLACEMENT_3D('',#811,#812,#813);
#811 = CARTESIAN_POINT('',(-5.54,-2.99,0.));
#812 = DIRECTION('',(0.,-1.,0.));
#813 = DIRECTION('',(0.,0.,-1.));
#814 = ORIENTED_EDGE('',*,*,#815,.T.);
#815 = EDGE_CURVE('',#805,#816,#818,.T.);
#816 = VERTEX_POINT('',#817);
#817 = CARTESIAN_POINT('',(-5.54,1.E-02,-0.5));
#818 = LINE('',#819,#820);
#819 = CARTESIAN_POINT('',(-5.54,-2.99,-0.5));
#820 = VECTOR('',#821,1.);
#821 = DIRECTION('',(-0.,1.,-0.));
#822 = ORIENTED_EDGE('',*,*,#823,.T.);
#823 = EDGE_CURVE('',#816,#824,#826,.T.);
#824 = VERTEX_POINT('',#825);
#825 = CARTESIAN_POINT('',(-5.54,1.E-02,0.5));
#826 = CIRCLE('',#827,0.5);
#827 = AXIS2_PLACEMENT_3D('',#828,#829,#830);
#828 = CARTESIAN_POINT('',(-5.54,1.E-02,0.));
#829 = DIRECTION('',(0.,-1.,0.));
#830 = DIRECTION('',(0.,0.,-1.));
#831 = ORIENTED_EDGE('',*,*,#832,.F.);
#832 = EDGE_CURVE('',#833,#824,#835,.T.);
#833 = VERTEX_POINT('',#834);
#834 = CARTESIAN_POINT('',(-5.54,-2.99,0.5));
#835 = LINE('',#836,#837);
#836 = CARTESIAN_POINT('',(-5.54,-2.99,0.5));
#837 = VECTOR('',#838,1.);
#838 = DIRECTION('',(-0.,1.,-0.));
#839 = ORIENTED_EDGE('',*,*,#840,.F.);
#840 = EDGE_CURVE('',#807,#833,#841,.T.);
#841 = CIRCLE('',#842,0.5);
#842 = AXIS2_PLACEMENT_3D('',#843,#844,#845);
#843 = CARTESIAN_POINT('',(-5.54,-2.99,0.));
#844 = DIRECTION('',(0.,-1.,0.));
#845 = DIRECTION('',(0.,0.,-1.));
#846 = CYLINDRICAL_SURFACE('',#847,0.5);
#847 = AXIS2_PLACEMENT_3D('',#848,#849,#850);
#848 = CARTESIAN_POINT('',(-5.54,-2.99,0.));
#849 = DIRECTION('',(-0.,1.,-0.));
#850 = DIRECTION('',(0.,0.,1.));
#851 = ADVANCED_FACE('',(#852),#897,.T.);
#852 = FACE_BOUND('',#853,.T.);
#853 = EDGE_LOOP('',(#854,#865,#873,#882,#890));
#854 = ORIENTED_EDGE('',*,*,#855,.F.);
#855 = EDGE_CURVE('',#856,#858,#860,.T.);
#856 = VERTEX_POINT('',#857);
#857 = CARTESIAN_POINT('',(-2.77,-2.99,-0.5));
#858 = VERTEX_POINT('',#859);
#859 = CARTESIAN_POINT('',(-2.27,-2.99,0.));
#860 = CIRCLE('',#861,0.5);
#861 = AXIS2_PLACEMENT_3D('',#862,#863,#864);
#862 = CARTESIAN_POINT('',(-2.77,-2.99,0.));
#863 = DIRECTION('',(0.,-1.,0.));
#864 = DIRECTION('',(0.,0.,-1.));
#865 = ORIENTED_EDGE('',*,*,#866,.T.);
#866 = EDGE_CURVE('',#856,#867,#869,.T.);
#867 = VERTEX_POINT('',#868);
#868 = CARTESIAN_POINT('',(-2.77,1.E-02,-0.5));
#869 = LINE('',#870,#871);
#870 = CARTESIAN_POINT('',(-2.77,-2.99,-0.5));
#871 = VECTOR('',#872,1.);
#872 = DIRECTION('',(-0.,1.,-0.));
#873 = ORIENTED_EDGE('',*,*,#874,.T.);
#874 = EDGE_CURVE('',#867,#875,#877,.T.);
#875 = VERTEX_POINT('',#876);
#876 = CARTESIAN_POINT('',(-2.77,1.E-02,0.5));
#877 = CIRCLE('',#878,0.5);
#878 = AXIS2_PLACEMENT_3D('',#879,#880,#881);
#879 = CARTESIAN_POINT('',(-2.77,1.E-02,0.));
#880 = DIRECTION('',(0.,-1.,0.));
#881 = DIRECTION('',(0.,0.,-1.));
#882 = ORIENTED_EDGE('',*,*,#883,.F.);
#883 = EDGE_CURVE('',#884,#875,#886,.T.);
#884 = VERTEX_POINT('',#885);
#885 = CARTESIAN_POINT('',(-2.77,-2.99,0.5));
#886 = LINE('',#887,#888);
#887 = CARTESIAN_POINT('',(-2.77,-2.99,0.5));
#888 = VECTOR('',#889,1.);
#889 = DIRECTION('',(-0.,1.,-0.));
#890 = ORIENTED_EDGE('',*,*,#891,.F.);
#891 = EDGE_CURVE('',#858,#884,#892,.T.);
#892 = CIRCLE('',#893,0.5);
#893 = AXIS2_PLACEMENT_3D('',#894,#895,#896);
#894 = CARTESIAN_POINT('',(-2.77,-2.99,0.));
#895 = DIRECTION('',(0.,-1.,0.));
#896 = DIRECTION('',(0.,0.,-1.));
#897 = CYLINDRICAL_SURFACE('',#898,0.5);
#898 = AXIS2_PLACEMENT_3D('',#899,#900,#901);
#899 = CARTESIAN_POINT('',(-2.77,-2.99,0.));
#900 = DIRECTION('',(-0.,1.,-0.));
#901 = DIRECTION('',(0.,0.,1.));
#902 = ADVANCED_FACE('',(#903),#948,.T.);
#903 = FACE_BOUND('',#904,.T.);
#904 = EDGE_LOOP('',(#905,#916,#924,#933,#941));
#905 = ORIENTED_EDGE('',*,*,#906,.F.);
#906 = EDGE_CURVE('',#907,#909,#911,.T.);
#907 = VERTEX_POINT('',#908);
#908 = CARTESIAN_POINT('',(6.123233995737E-17,-2.99,-0.5));
#909 = VERTEX_POINT('',#910);
#910 = CARTESIAN_POINT('',(0.5,-2.99,0.));
#911 = CIRCLE('',#912,0.5);
#912 = AXIS2_PLACEMENT_3D('',#913,#914,#915);
#913 = CARTESIAN_POINT('',(0.,-2.99,0.));
#914 = DIRECTION('',(0.,-1.,0.));
#915 = DIRECTION('',(0.,0.,-1.));
#916 = ORIENTED_EDGE('',*,*,#917,.T.);
#917 = EDGE_CURVE('',#907,#918,#920,.T.);
#918 = VERTEX_POINT('',#919);
#919 = CARTESIAN_POINT('',(6.123233995737E-17,1.E-02,-0.5));
#920 = LINE('',#921,#922);
#921 = CARTESIAN_POINT('',(6.123233995737E-17,-2.99,-0.5));
#922 = VECTOR('',#923,1.);
#923 = DIRECTION('',(-0.,1.,-0.));
#924 = ORIENTED_EDGE('',*,*,#925,.T.);
#925 = EDGE_CURVE('',#918,#926,#928,.T.);
#926 = VERTEX_POINT('',#927);
#927 = CARTESIAN_POINT('',(0.,1.E-02,0.5));
#928 = CIRCLE('',#929,0.5);
#929 = AXIS2_PLACEMENT_3D('',#930,#931,#932);
#930 = CARTESIAN_POINT('',(0.,1.E-02,0.));
#931 = DIRECTION('',(0.,-1.,0.));
#932 = DIRECTION('',(0.,0.,-1.));
#933 = ORIENTED_EDGE('',*,*,#934,.F.);
#934 = EDGE_CURVE('',#935,#926,#937,.T.);
#935 = VERTEX_POINT('',#936);
#936 = CARTESIAN_POINT('',(0.,-2.99,0.5));
#937 = LINE('',#938,#939);
#938 = CARTESIAN_POINT('',(0.,-2.99,0.5));
#939 = VECTOR('',#940,1.);
#940 = DIRECTION('',(-0.,1.,-0.));
#941 = ORIENTED_EDGE('',*,*,#942,.F.);
#942 = EDGE_CURVE('',#909,#935,#943,.T.);
#943 = CIRCLE('',#944,0.5);
#944 = AXIS2_PLACEMENT_3D('',#945,#946,#947);
#945 = CARTESIAN_POINT('',(0.,-2.99,0.));
#946 = DIRECTION('',(0.,-1.,0.));
#947 = DIRECTION('',(0.,0.,-1.));
#948 = CYLINDRICAL_SURFACE('',#949,0.5);
#949 = AXIS2_PLACEMENT_3D('',#950,#951,#952);
#950 = CARTESIAN_POINT('',(0.,-2.99,0.));
#951 = DIRECTION('',(-0.,1.,-0.));
#952 = DIRECTION('',(0.,0.,1.));
#953 = ADVANCED_FACE('',(#954),#990,.F.);
#954 = FACE_BOUND('',#955,.F.);
#955 = EDGE_LOOP('',(#956,#966,#975,#983));
#956 = ORIENTED_EDGE('',*,*,#957,.T.);
#957 = EDGE_CURVE('',#958,#960,#962,.T.);
#958 = VERTEX_POINT('',#959);
#959 = CARTESIAN_POINT('',(7.275,0.,-2.E-02));
#960 = VERTEX_POINT('',#961);
#961 = CARTESIAN_POINT('',(7.275,6.3,-2.E-02));
#962 = LINE('',#963,#964);
#963 = CARTESIAN_POINT('',(7.275,0.,-2.E-02));
#964 = VECTOR('',#965,1.);
#965 = DIRECTION('',(-0.,1.,-0.));
#966 = ORIENTED_EDGE('',*,*,#967,.T.);
#967 = EDGE_CURVE('',#960,#968,#970,.T.);
#968 = VERTEX_POINT('',#969);
#969 = CARTESIAN_POINT('',(7.275,6.3,-2.82));
#970 = CIRCLE('',#971,1.4);
#971 = AXIS2_PLACEMENT_3D('',#972,#973,#974);
#972 = CARTESIAN_POINT('',(7.275,6.3,-1.42));
#973 = DIRECTION('',(0.,-1.,0.));
#974 = DIRECTION('',(0.,0.,1.));
#975 = ORIENTED_EDGE('',*,*,#976,.F.);
#976 = EDGE_CURVE('',#977,#968,#979,.T.);
#977 = VERTEX_POINT('',#978);
#978 = CARTESIAN_POINT('',(7.275,0.,-2.82));
#979 = LINE('',#980,#981);
#980 = CARTESIAN_POINT('',(7.275,0.,-2.82));
#981 = VECTOR('',#982,1.);
#982 = DIRECTION('',(-0.,1.,-0.));
#983 = ORIENTED_EDGE('',*,*,#984,.F.);
#984 = EDGE_CURVE('',#958,#977,#985,.T.);
#985 = CIRCLE('',#986,1.4);
#986 = AXIS2_PLACEMENT_3D('',#987,#988,#989);
#987 = CARTESIAN_POINT('',(7.275,0.,-1.42));
#988 = DIRECTION('',(0.,-1.,0.));
#989 = DIRECTION('',(0.,0.,1.));
#990 = CYLINDRICAL_SURFACE('',#991,1.4);
#991 = AXIS2_PLACEMENT_3D('',#992,#993,#994);
#992 = CARTESIAN_POINT('',(7.275,0.,-1.42));
#993 = DIRECTION('',(-0.,1.,-0.));
#994 = DIRECTION('',(0.,0.,1.));
#995 = ADVANCED_FACE('',(#996),#1032,.T.);
#996 = FACE_BOUND('',#997,.T.);
#997 = EDGE_LOOP('',(#998,#1009,#1017,#1026));
#998 = ORIENTED_EDGE('',*,*,#999,.F.);
#999 = EDGE_CURVE('',#1000,#1002,#1004,.T.);
#1000 = VERTEX_POINT('',#1001);
#1001 = CARTESIAN_POINT('',(7.275,0.,-3.92));
#1002 = VERTEX_POINT('',#1003);
#1003 = CARTESIAN_POINT('',(7.275,0.,1.08));
#1004 = CIRCLE('',#1005,2.5);
#1005 = AXIS2_PLACEMENT_3D('',#1006,#1007,#1008);
#1006 = CARTESIAN_POINT('',(7.275,0.,-1.42));
#1007 = DIRECTION('',(0.,-1.,0.));
#1008 = DIRECTION('',(0.,0.,1.));
#1009 = ORIENTED_EDGE('',*,*,#1010,.T.);
#1010 = EDGE_CURVE('',#1000,#1011,#1013,.T.);
#1011 = VERTEX_POINT('',#1012);
#1012 = CARTESIAN_POINT('',(7.275,5.9,-3.92));
#1013 = LINE('',#1014,#1015);
#1014 = CARTESIAN_POINT('',(7.275,0.,-3.92));
#1015 = VECTOR('',#1016,1.);
#1016 = DIRECTION('',(0.,1.,0.));
#1017 = ORIENTED_EDGE('',*,*,#1018,.T.);
#1018 = EDGE_CURVE('',#1011,#1019,#1021,.T.);
#1019 = VERTEX_POINT('',#1020);
#1020 = CARTESIAN_POINT('',(7.275,5.9,1.08));
#1021 = CIRCLE('',#1022,2.5);
#1022 = AXIS2_PLACEMENT_3D('',#1023,#1024,#1025);
#1023 = CARTESIAN_POINT('',(7.275,5.9,-1.42));
#1024 = DIRECTION('',(0.,-1.,0.));
#1025 = DIRECTION('',(0.,0.,1.));
#1026 = ORIENTED_EDGE('',*,*,#1027,.F.);
#1027 = EDGE_CURVE('',#1002,#1019,#1028,.T.);
#1028 = LINE('',#1029,#1030);
#1029 = CARTESIAN_POINT('',(7.275,0.,1.08));
#1030 = VECTOR('',#1031,1.);
#1031 = DIRECTION('',(0.,1.,0.));
#1032 = CYLINDRICAL_SURFACE('',#1033,2.5);
#1033 = AXIS2_PLACEMENT_3D('',#1034,#1035,#1036);
#1034 = CARTESIAN_POINT('',(7.275,0.,-1.42));
#1035 = DIRECTION('',(0.,1.,0.));
#1036 = DIRECTION('',(0.,-0.,1.));
#1037 = ADVANCED_FACE('',(#1038),#1074,.F.);
#1038 = FACE_BOUND('',#1039,.F.);
#1039 = EDGE_LOOP('',(#1040,#1050,#1059,#1067));
#1040 = ORIENTED_EDGE('',*,*,#1041,.T.);
#1041 = EDGE_CURVE('',#1042,#1044,#1046,.T.);
#1042 = VERTEX_POINT('',#1043);
#1043 = CARTESIAN_POINT('',(-18.065,0.,-2.E-02));
#1044 = VERTEX_POINT('',#1045);
#1045 = CARTESIAN_POINT('',(-18.065,6.3,-2.E-02));
#1046 = LINE('',#1047,#1048);
#1047 = CARTESIAN_POINT('',(-18.065,0.,-2.E-02));
#1048 = VECTOR('',#1049,1.);
#1049 = DIRECTION('',(-0.,1.,-0.));
#1050 = ORIENTED_EDGE('',*,*,#1051,.F.);
#1051 = EDGE_CURVE('',#1052,#1044,#1054,.T.);
#1052 = VERTEX_POINT('',#1053);
#1053 = CARTESIAN_POINT('',(-18.065,6.3,-2.82));
#1054 = CIRCLE('',#1055,1.4);
#1055 = AXIS2_PLACEMENT_3D('',#1056,#1057,#1058);
#1056 = CARTESIAN_POINT('',(-18.065,6.3,-1.42));
#1057 = DIRECTION('',(0.,1.,0.));
#1058 = DIRECTION('',(0.,-0.,1.));
#1059 = ORIENTED_EDGE('',*,*,#1060,.F.);
#1060 = EDGE_CURVE('',#1061,#1052,#1063,.T.);
#1061 = VERTEX_POINT('',#1062);
#1062 = CARTESIAN_POINT('',(-18.065,0.,-2.82));
#1063 = LINE('',#1064,#1065);
#1064 = CARTESIAN_POINT('',(-18.065,0.,-2.82));
#1065 = VECTOR('',#1066,1.);
#1066 = DIRECTION('',(-0.,1.,-0.));
#1067 = ORIENTED_EDGE('',*,*,#1068,.T.);
#1068 = EDGE_CURVE('',#1061,#1042,#1069,.T.);
#1069 = CIRCLE('',#1070,1.4);
#1070 = AXIS2_PLACEMENT_3D('',#1071,#1072,#1073);
#1071 = CARTESIAN_POINT('',(-18.065,0.,-1.42));
#1072 = DIRECTION('',(0.,1.,0.));
#1073 = DIRECTION('',(0.,-0.,1.));
#1074 = CYLINDRICAL_SURFACE('',#1075,1.4);
#1075 = AXIS2_PLACEMENT_3D('',#1076,#1077,#1078);
#1076 = CARTESIAN_POINT('',(-18.065,0.,-1.42));
#1077 = DIRECTION('',(-0.,1.,-0.));
#1078 = DIRECTION('',(0.,0.,1.));
#1079 = ADVANCED_FACE('',(#1080),#1116,.T.);
#1080 = FACE_BOUND('',#1081,.T.);
#1081 = EDGE_LOOP('',(#1082,#1093,#1101,#1110));
#1082 = ORIENTED_EDGE('',*,*,#1083,.T.);
#1083 = EDGE_CURVE('',#1084,#1086,#1088,.T.);
#1084 = VERTEX_POINT('',#1085);
#1085 = CARTESIAN_POINT('',(-18.065,0.,1.08));
#1086 = VERTEX_POINT('',#1087);
#1087 = CARTESIAN_POINT('',(-18.065,0.,-3.92));
#1088 = CIRCLE('',#1089,2.5);
#1089 = AXIS2_PLACEMENT_3D('',#1090,#1091,#1092);
#1090 = CARTESIAN_POINT('',(-18.065,0.,-1.42));
#1091 = DIRECTION('',(0.,1.,0.));
#1092 = DIRECTION('',(0.,-0.,1.));
#1093 = ORIENTED_EDGE('',*,*,#1094,.T.);
#1094 = EDGE_CURVE('',#1086,#1095,#1097,.T.);
#1095 = VERTEX_POINT('',#1096);
#1096 = CARTESIAN_POINT('',(-18.065,5.9,-3.92));
#1097 = LINE('',#1098,#1099);
#1098 = CARTESIAN_POINT('',(-18.065,0.,-3.92));
#1099 = VECTOR('',#1100,1.);
#1100 = DIRECTION('',(0.,1.,0.));
#1101 = ORIENTED_EDGE('',*,*,#1102,.F.);
#1102 = EDGE_CURVE('',#1103,#1095,#1105,.T.);
#1103 = VERTEX_POINT('',#1104);
#1104 = CARTESIAN_POINT('',(-18.065,5.9,1.08));
#1105 = CIRCLE('',#1106,2.5);
#1106 = AXIS2_PLACEMENT_3D('',#1107,#1108,#1109);
#1107 = CARTESIAN_POINT('',(-18.065,5.9,-1.42));
#1108 = DIRECTION('',(0.,1.,0.));
#1109 = DIRECTION('',(0.,-0.,1.));
#1110 = ORIENTED_EDGE('',*,*,#1111,.F.);
#1111 = EDGE_CURVE('',#1084,#1103,#1112,.T.);
#1112 = LINE('',#1113,#1114);
#1113 = CARTESIAN_POINT('',(-18.065,0.,1.08));
#1114 = VECTOR('',#1115,1.);
#1115 = DIRECTION('',(0.,1.,0.));
#1116 = CYLINDRICAL_SURFACE('',#1117,2.5);
#1117 = AXIS2_PLACEMENT_3D('',#1118,#1119,#1120);
#1118 = CARTESIAN_POINT('',(-18.065,0.,-1.42));
#1119 = DIRECTION('',(0.,1.,0.));
#1120 = DIRECTION('',(0.,-0.,1.));
#1121 = ADVANCED_FACE('',(#1122,#1132,#1142,#1152,#1162,#1232,#1242,
    #1252,#1262,#1272),#1282,.T.);
#1122 = FACE_BOUND('',#1123,.T.);
#1123 = EDGE_LOOP('',(#1124,#1131));
#1124 = ORIENTED_EDGE('',*,*,#1125,.F.);
#1125 = EDGE_CURVE('',#110,#102,#1126,.T.);
#1126 = CIRCLE('',#1127,0.5);
#1127 = AXIS2_PLACEMENT_3D('',#1128,#1129,#1130);
#1128 = CARTESIAN_POINT('',(-2.77,6.73,0.));
#1129 = DIRECTION('',(0.,1.,0.));
#1130 = DIRECTION('',(0.,-0.,1.));
#1131 = ORIENTED_EDGE('',*,*,#109,.F.);
#1132 = FACE_BOUND('',#1133,.T.);
#1133 = EDGE_LOOP('',(#1134,#1141));
#1134 = ORIENTED_EDGE('',*,*,#1135,.F.);
#1135 = EDGE_CURVE('',#212,#204,#1136,.T.);
#1136 = CIRCLE('',#1137,0.5);
#1137 = AXIS2_PLACEMENT_3D('',#1138,#1139,#1140);
#1138 = CARTESIAN_POINT('',(-8.31,6.73,0.));
#1139 = DIRECTION('',(0.,1.,0.));
#1140 = DIRECTION('',(0.,-0.,1.));
#1141 = ORIENTED_EDGE('',*,*,#211,.F.);
#1142 = FACE_BOUND('',#1143,.T.);
#1143 = EDGE_LOOP('',(#1144,#1151));
#1144 = ORIENTED_EDGE('',*,*,#1145,.F.);
#1145 = EDGE_CURVE('',#314,#306,#1146,.T.);
#1146 = CIRCLE('',#1147,0.5);
#1147 = AXIS2_PLACEMENT_3D('',#1148,#1149,#1150);
#1148 = CARTESIAN_POINT('',(-9.695,6.73,-2.84));
#1149 = DIRECTION('',(0.,1.,0.));
#1150 = DIRECTION('',(0.,-0.,1.));
#1151 = ORIENTED_EDGE('',*,*,#313,.F.);
#1152 = FACE_BOUND('',#1153,.T.);
#1153 = EDGE_LOOP('',(#1154,#1161));
#1154 = ORIENTED_EDGE('',*,*,#1155,.F.);
#1155 = EDGE_CURVE('',#416,#408,#1156,.T.);
#1156 = CIRCLE('',#1157,0.5);
#1157 = AXIS2_PLACEMENT_3D('',#1158,#1159,#1160);
#1158 = CARTESIAN_POINT('',(-4.155,6.73,-2.84));
#1159 = DIRECTION('',(0.,1.,0.));
#1160 = DIRECTION('',(0.,-0.,1.));
#1161 = ORIENTED_EDGE('',*,*,#415,.F.);
#1162 = FACE_BOUND('',#1163,.T.);
#1163 = EDGE_LOOP('',(#1164,#1175,#1183,#1192,#1200,#1209,#1217,#1226));
#1164 = ORIENTED_EDGE('',*,*,#1165,.T.);
#1165 = EDGE_CURVE('',#1166,#1168,#1170,.T.);
#1166 = VERTEX_POINT('',#1167);
#1167 = CARTESIAN_POINT('',(7.693924491162E-17,6.73,3.043479874684));
#1168 = VERTEX_POINT('',#1169);
#1169 = CARTESIAN_POINT('',(2.735461591397,6.73,-1.334173762895));
#1170 = CIRCLE('',#1171,3.043479874684);
#1171 = AXIS2_PLACEMENT_3D('',#1172,#1173,#1174);
#1172 = CARTESIAN_POINT('',(0.,6.73,0.));
#1173 = DIRECTION('',(0.,1.,0.));
#1174 = DIRECTION('',(0.,-0.,1.));
#1175 = ORIENTED_EDGE('',*,*,#1176,.T.);
#1176 = EDGE_CURVE('',#1168,#1177,#1179,.T.);
#1177 = VERTEX_POINT('',#1178);
#1178 = CARTESIAN_POINT('',(1.35030103987,6.73,-4.174173762895));
#1179 = LINE('',#1180,#1181);
#1180 = CARTESIAN_POINT('',(2.735461591397,6.73,-1.334173762895));
#1181 = VECTOR('',#1182,1.);
#1182 = DIRECTION('',(-0.438371146789,0.,-0.898794046299));
#1183 = ORIENTED_EDGE('',*,*,#1184,.T.);
#1184 = EDGE_CURVE('',#1177,#1185,#1187,.T.);
#1185 = VERTEX_POINT('',#1186);
#1186 = CARTESIAN_POINT('',(-1.385160551527,6.73,-5.883479874684));
#1187 = CIRCLE('',#1188,3.043479874684);
#1188 = AXIS2_PLACEMENT_3D('',#1189,#1190,#1191);
#1189 = CARTESIAN_POINT('',(-1.385160551527,6.73,-2.84));
#1190 = DIRECTION('',(0.,1.,0.));
#1191 = DIRECTION('',(0.,-0.,1.));
#1192 = ORIENTED_EDGE('',*,*,#1193,.T.);
#1193 = EDGE_CURVE('',#1185,#1194,#1196,.T.);
#1194 = VERTEX_POINT('',#1195);
#1195 = CARTESIAN_POINT('',(-9.404839448473,6.73,-5.883479874684));
#1196 = LINE('',#1197,#1198);
#1197 = CARTESIAN_POINT('',(1.27264579919E-15,6.73,-5.883479874684));
#1198 = VECTOR('',#1199,1.);
#1199 = DIRECTION('',(-1.,0.,-2.163083457914E-16));
#1200 = ORIENTED_EDGE('',*,*,#1201,.T.);
#1201 = EDGE_CURVE('',#1194,#1202,#1204,.T.);
#1202 = VERTEX_POINT('',#1203);
#1203 = CARTESIAN_POINT('',(-12.14030103987,6.73,-4.174173762895));
#1204 = CIRCLE('',#1205,3.043479874684);
#1205 = AXIS2_PLACEMENT_3D('',#1206,#1207,#1208);
#1206 = CARTESIAN_POINT('',(-9.404839448473,6.73,-2.84));
#1207 = DIRECTION('',(0.,1.,0.));
#1208 = DIRECTION('',(0.,-0.,1.));
#1209 = ORIENTED_EDGE('',*,*,#1210,.T.);
#1210 = EDGE_CURVE('',#1202,#1211,#1213,.T.);
#1211 = VERTEX_POINT('',#1212);
#1212 = CARTESIAN_POINT('',(-13.52546159139,6.73,-1.334173762895));
#1213 = LINE('',#1214,#1215);
#1214 = CARTESIAN_POINT('',(-11.45195525077,6.73,-5.585491778603));
#1215 = VECTOR('',#1216,1.);
#1216 = DIRECTION('',(-0.438371146789,0.,0.898794046299));
#1217 = ORIENTED_EDGE('',*,*,#1218,.T.);
#1218 = EDGE_CURVE('',#1211,#1219,#1221,.T.);
#1219 = VERTEX_POINT('',#1220);
#1220 = CARTESIAN_POINT('',(-10.79,6.73,3.043479874684));
#1221 = CIRCLE('',#1222,3.043479874684);
#1222 = AXIS2_PLACEMENT_3D('',#1223,#1224,#1225);
#1223 = CARTESIAN_POINT('',(-10.79,6.73,0.));
#1224 = DIRECTION('',(0.,1.,0.));
#1225 = DIRECTION('',(0.,-0.,1.));
#1226 = ORIENTED_EDGE('',*,*,#1227,.T.);
#1227 = EDGE_CURVE('',#1219,#1166,#1228,.T.);
#1228 = LINE('',#1229,#1230);
#1229 = CARTESIAN_POINT('',(4.893045400627E-16,6.73,3.043479874684));
#1230 = VECTOR('',#1231,1.);
#1231 = DIRECTION('',(1.,0.,-1.607714064853E-16));
#1232 = FACE_BOUND('',#1233,.T.);
#1233 = EDGE_LOOP('',(#1234,#1241));
#1234 = ORIENTED_EDGE('',*,*,#1235,.F.);
#1235 = EDGE_CURVE('',#467,#459,#1236,.T.);
#1236 = CIRCLE('',#1237,0.5);
#1237 = AXIS2_PLACEMENT_3D('',#1238,#1239,#1240);
#1238 = CARTESIAN_POINT('',(-1.385,6.73,-2.84));
#1239 = DIRECTION('',(0.,1.,0.));
#1240 = DIRECTION('',(0.,-0.,1.));
#1241 = ORIENTED_EDGE('',*,*,#466,.F.);
#1242 = FACE_BOUND('',#1243,.T.);
#1243 = EDGE_LOOP('',(#1244,#1251));
#1244 = ORIENTED_EDGE('',*,*,#1245,.F.);
#1245 = EDGE_CURVE('',#365,#357,#1246,.T.);
#1246 = CIRCLE('',#1247,0.5);
#1247 = AXIS2_PLACEMENT_3D('',#1248,#1249,#1250);
#1248 = CARTESIAN_POINT('',(-6.925,6.73,-2.84));
#1249 = DIRECTION('',(0.,1.,0.));
#1250 = DIRECTION('',(0.,-0.,1.));
#1251 = ORIENTED_EDGE('',*,*,#364,.F.);
#1252 = FACE_BOUND('',#1253,.T.);
#1253 = EDGE_LOOP('',(#1254,#1261));
#1254 = ORIENTED_EDGE('',*,*,#1255,.F.);
#1255 = EDGE_CURVE('',#263,#255,#1256,.T.);
#1256 = CIRCLE('',#1257,0.5);
#1257 = AXIS2_PLACEMENT_3D('',#1258,#1259,#1260);
#1258 = CARTESIAN_POINT('',(-11.08,6.73,0.));
#1259 = DIRECTION('',(0.,1.,0.));
#1260 = DIRECTION('',(0.,-0.,1.));
#1261 = ORIENTED_EDGE('',*,*,#262,.F.);
#1262 = FACE_BOUND('',#1263,.T.);
#1263 = EDGE_LOOP('',(#1264,#1271));
#1264 = ORIENTED_EDGE('',*,*,#1265,.F.);
#1265 = EDGE_CURVE('',#161,#153,#1266,.T.);
#1266 = CIRCLE('',#1267,0.5);
#1267 = AXIS2_PLACEMENT_3D('',#1268,#1269,#1270);
#1268 = CARTESIAN_POINT('',(-5.54,6.73,0.));
#1269 = DIRECTION('',(0.,1.,0.));
#1270 = DIRECTION('',(0.,-0.,1.));
#1271 = ORIENTED_EDGE('',*,*,#160,.F.);
#1272 = FACE_BOUND('',#1273,.T.);
#1273 = EDGE_LOOP('',(#1274,#1281));
#1274 = ORIENTED_EDGE('',*,*,#1275,.F.);
#1275 = EDGE_CURVE('',#59,#51,#1276,.T.);
#1276 = CIRCLE('',#1277,0.5);
#1277 = AXIS2_PLACEMENT_3D('',#1278,#1279,#1280);
#1278 = CARTESIAN_POINT('',(0.,6.73,0.));
#1279 = DIRECTION('',(0.,1.,0.));
#1280 = DIRECTION('',(0.,-0.,1.));
#1281 = ORIENTED_EDGE('',*,*,#58,.F.);
#1282 = PLANE('',#1283);
#1283 = AXIS2_PLACEMENT_3D('',#1284,#1285,#1286);
#1284 = CARTESIAN_POINT('',(0.,6.73,0.));
#1285 = DIRECTION('',(0.,1.,0.));
#1286 = DIRECTION('',(0.,-0.,1.));
#1287 = ADVANCED_FACE('',(#1288,#1298,#1308,#1378),#1448,.F.);
#1288 = FACE_BOUND('',#1289,.T.);
#1289 = EDGE_LOOP('',(#1290,#1291));
#1290 = ORIENTED_EDGE('',*,*,#967,.T.);
#1291 = ORIENTED_EDGE('',*,*,#1292,.T.);
#1292 = EDGE_CURVE('',#968,#960,#1293,.T.);
#1293 = CIRCLE('',#1294,1.4);
#1294 = AXIS2_PLACEMENT_3D('',#1295,#1296,#1297);
#1295 = CARTESIAN_POINT('',(7.275,6.3,-1.42));
#1296 = DIRECTION('',(0.,-1.,0.));
#1297 = DIRECTION('',(0.,0.,1.));
#1298 = FACE_BOUND('',#1299,.T.);
#1299 = EDGE_LOOP('',(#1300,#1307));
#1300 = ORIENTED_EDGE('',*,*,#1301,.F.);
#1301 = EDGE_CURVE('',#1044,#1052,#1302,.T.);
#1302 = CIRCLE('',#1303,1.4);
#1303 = AXIS2_PLACEMENT_3D('',#1304,#1305,#1306);
#1304 = CARTESIAN_POINT('',(-18.065,6.3,-1.42));
#1305 = DIRECTION('',(0.,1.,0.));
#1306 = DIRECTION('',(0.,-0.,1.));
#1307 = ORIENTED_EDGE('',*,*,#1051,.F.);
#1308 = FACE_BOUND('',#1309,.T.);
#1309 = EDGE_LOOP('',(#1310,#1320,#1329,#1337,#1346,#1354,#1363,#1371));
#1310 = ORIENTED_EDGE('',*,*,#1311,.F.);
#1311 = EDGE_CURVE('',#1312,#1314,#1316,.T.);
#1312 = VERTEX_POINT('',#1313);
#1313 = CARTESIAN_POINT('',(-21.24,6.3,4.08));
#1314 = VERTEX_POINT('',#1315);
#1315 = CARTESIAN_POINT('',(-21.24,6.3,-6.92));
#1316 = LINE('',#1317,#1318);
#1317 = CARTESIAN_POINT('',(-21.24,6.3,5.08));
#1318 = VECTOR('',#1319,1.);
#1319 = DIRECTION('',(-0.,-0.,-1.));
#1320 = ORIENTED_EDGE('',*,*,#1321,.T.);
#1321 = EDGE_CURVE('',#1312,#1322,#1324,.T.);
#1322 = VERTEX_POINT('',#1323);
#1323 = CARTESIAN_POINT('',(-20.24,6.3,5.08));
#1324 = CIRCLE('',#1325,1.);
#1325 = AXIS2_PLACEMENT_3D('',#1326,#1327,#1328);
#1326 = CARTESIAN_POINT('',(-20.24,6.3,4.08));
#1327 = DIRECTION('',(-0.,1.,0.));
#1328 = DIRECTION('',(0.,0.,-1.));
#1329 = ORIENTED_EDGE('',*,*,#1330,.F.);
#1330 = EDGE_CURVE('',#1331,#1322,#1333,.T.);
#1331 = VERTEX_POINT('',#1332);
#1332 = CARTESIAN_POINT('',(9.45,6.3,5.08));
#1333 = LINE('',#1334,#1335);
#1334 = CARTESIAN_POINT('',(-21.24,6.3,5.08));
#1335 = VECTOR('',#1336,1.);
#1336 = DIRECTION('',(-1.,-0.,-0.));
#1337 = ORIENTED_EDGE('',*,*,#1338,.T.);
#1338 = EDGE_CURVE('',#1331,#1339,#1341,.T.);
#1339 = VERTEX_POINT('',#1340);
#1340 = CARTESIAN_POINT('',(10.45,6.3,4.08));
#1341 = CIRCLE('',#1342,1.);
#1342 = AXIS2_PLACEMENT_3D('',#1343,#1344,#1345);
#1343 = CARTESIAN_POINT('',(9.45,6.3,4.08));
#1344 = DIRECTION('',(-0.,1.,0.));
#1345 = DIRECTION('',(0.,0.,-1.));
#1346 = ORIENTED_EDGE('',*,*,#1347,.T.);
#1347 = EDGE_CURVE('',#1339,#1348,#1350,.T.);
#1348 = VERTEX_POINT('',#1349);
#1349 = CARTESIAN_POINT('',(10.45,6.3,-6.92));
#1350 = LINE('',#1351,#1352);
#1351 = CARTESIAN_POINT('',(10.45,6.3,5.08));
#1352 = VECTOR('',#1353,1.);
#1353 = DIRECTION('',(-0.,-0.,-1.));
#1354 = ORIENTED_EDGE('',*,*,#1355,.T.);
#1355 = EDGE_CURVE('',#1348,#1356,#1358,.T.);
#1356 = VERTEX_POINT('',#1357);
#1357 = CARTESIAN_POINT('',(9.45,6.3,-7.92));
#1358 = CIRCLE('',#1359,1.);
#1359 = AXIS2_PLACEMENT_3D('',#1360,#1361,#1362);
#1360 = CARTESIAN_POINT('',(9.45,6.3,-6.92));
#1361 = DIRECTION('',(-0.,1.,0.));
#1362 = DIRECTION('',(0.,0.,-1.));
#1363 = ORIENTED_EDGE('',*,*,#1364,.T.);
#1364 = EDGE_CURVE('',#1356,#1365,#1367,.T.);
#1365 = VERTEX_POINT('',#1366);
#1366 = CARTESIAN_POINT('',(-20.24,6.3,-7.92));
#1367 = LINE('',#1368,#1369);
#1368 = CARTESIAN_POINT('',(-21.24,6.3,-7.92));
#1369 = VECTOR('',#1370,1.);
#1370 = DIRECTION('',(-1.,-0.,-0.));
#1371 = ORIENTED_EDGE('',*,*,#1372,.T.);
#1372 = EDGE_CURVE('',#1365,#1314,#1373,.T.);
#1373 = CIRCLE('',#1374,1.);
#1374 = AXIS2_PLACEMENT_3D('',#1375,#1376,#1377);
#1375 = CARTESIAN_POINT('',(-20.24,6.3,-6.92));
#1376 = DIRECTION('',(-0.,1.,0.));
#1377 = DIRECTION('',(0.,0.,-1.));
#1378 = FACE_BOUND('',#1379,.T.);
#1379 = EDGE_LOOP('',(#1380,#1391,#1399,#1408,#1416,#1425,#1433,#1442));
#1380 = ORIENTED_EDGE('',*,*,#1381,.F.);
#1381 = EDGE_CURVE('',#1382,#1384,#1386,.T.);
#1382 = VERTEX_POINT('',#1383);
#1383 = CARTESIAN_POINT('',(0.,6.3,3.4811));
#1384 = VERTEX_POINT('',#1385);
#1385 = CARTESIAN_POINT('',(3.128791954572,6.3,-1.526013799087));
#1386 = CIRCLE('',#1387,3.4811);
#1387 = AXIS2_PLACEMENT_3D('',#1388,#1389,#1390);
#1388 = CARTESIAN_POINT('',(0.,6.3,0.));
#1389 = DIRECTION('',(0.,1.,0.));
#1390 = DIRECTION('',(0.,-0.,1.));
#1391 = ORIENTED_EDGE('',*,*,#1392,.F.);
#1392 = EDGE_CURVE('',#1393,#1382,#1395,.T.);
#1393 = VERTEX_POINT('',#1394);
#1394 = CARTESIAN_POINT('',(-10.79,6.3,3.4811));
#1395 = LINE('',#1396,#1397);
#1396 = CARTESIAN_POINT('',(0.,6.3,3.4811));
#1397 = VECTOR('',#1398,1.);
#1398 = DIRECTION('',(1.,-0.,-0.));
#1399 = ORIENTED_EDGE('',*,*,#1400,.F.);
#1400 = EDGE_CURVE('',#1401,#1393,#1403,.T.);
#1401 = VERTEX_POINT('',#1402);
#1402 = CARTESIAN_POINT('',(-13.91879195457,6.3,-1.526013799087));
#1403 = CIRCLE('',#1404,3.4811);
#1404 = AXIS2_PLACEMENT_3D('',#1405,#1406,#1407);
#1405 = CARTESIAN_POINT('',(-10.79,6.3,0.));
#1406 = DIRECTION('',(0.,1.,0.));
#1407 = DIRECTION('',(0.,-0.,1.));
#1408 = ORIENTED_EDGE('',*,*,#1409,.F.);
#1409 = EDGE_CURVE('',#1410,#1401,#1412,.T.);
#1410 = VERTEX_POINT('',#1411);
#1411 = CARTESIAN_POINT('',(-12.53363140304,6.3,-4.366013799087));
#1412 = LINE('',#1413,#1414);
#1413 = CARTESIAN_POINT('',(-13.91879195457,6.3,-1.526013799087));
#1414 = VECTOR('',#1415,1.);
#1415 = DIRECTION('',(-0.438371146789,-0.,0.898794046299));
#1416 = ORIENTED_EDGE('',*,*,#1417,.F.);
#1417 = EDGE_CURVE('',#1418,#1410,#1420,.T.);
#1418 = VERTEX_POINT('',#1419);
#1419 = CARTESIAN_POINT('',(-9.404839448473,6.3,-6.3211));
#1420 = CIRCLE('',#1421,3.4811);
#1421 = AXIS2_PLACEMENT_3D('',#1422,#1423,#1424);
#1422 = CARTESIAN_POINT('',(-9.404839448473,6.3,-2.84));
#1423 = DIRECTION('',(0.,1.,0.));
#1424 = DIRECTION('',(0.,-0.,1.));
#1425 = ORIENTED_EDGE('',*,*,#1426,.F.);
#1426 = EDGE_CURVE('',#1427,#1418,#1429,.T.);
#1427 = VERTEX_POINT('',#1428);
#1428 = CARTESIAN_POINT('',(-1.385160551527,6.3,-6.3211));
#1429 = LINE('',#1430,#1431);
#1430 = CARTESIAN_POINT('',(-9.404839448473,6.3,-6.3211));
#1431 = VECTOR('',#1432,1.);
#1432 = DIRECTION('',(-1.,-0.,-0.));
#1433 = ORIENTED_EDGE('',*,*,#1434,.F.);
#1434 = EDGE_CURVE('',#1435,#1427,#1437,.T.);
#1435 = VERTEX_POINT('',#1436);
#1436 = CARTESIAN_POINT('',(1.743631403045,6.3,-4.366013799087));
#1437 = CIRCLE('',#1438,3.4811);
#1438 = AXIS2_PLACEMENT_3D('',#1439,#1440,#1441);
#1439 = CARTESIAN_POINT('',(-1.385160551527,6.3,-2.84));
#1440 = DIRECTION('',(0.,1.,0.));
#1441 = DIRECTION('',(0.,-0.,1.));
#1442 = ORIENTED_EDGE('',*,*,#1443,.F.);
#1443 = EDGE_CURVE('',#1384,#1435,#1444,.T.);
#1444 = LINE('',#1445,#1446);
#1445 = CARTESIAN_POINT('',(1.743631403045,6.3,-4.366013799087));
#1446 = VECTOR('',#1447,1.);
#1447 = DIRECTION('',(-0.438371146789,-0.,-0.898794046299));
#1448 = PLANE('',#1449);
#1449 = AXIS2_PLACEMENT_3D('',#1450,#1451,#1452);
#1450 = CARTESIAN_POINT('',(-21.24,6.3,5.08));
#1451 = DIRECTION('',(0.,-1.,0.));
#1452 = DIRECTION('',(0.,-0.,-1.));
#1453 = ADVANCED_FACE('',(#1454,#1464,#1474,#1484,#1494,#1564,#1574,
    #1584,#1594,#1604),#1614,.T.);
#1454 = FACE_BOUND('',#1455,.T.);
#1455 = EDGE_LOOP('',(#1456,#1463));
#1456 = ORIENTED_EDGE('',*,*,#1457,.F.);
#1457 = EDGE_CURVE('',#569,#561,#1458,.T.);
#1458 = CIRCLE('',#1459,0.5);
#1459 = AXIS2_PLACEMENT_3D('',#1460,#1461,#1462);
#1460 = CARTESIAN_POINT('',(-6.925,1.E-02,-2.84));
#1461 = DIRECTION('',(0.,-1.,0.));
#1462 = DIRECTION('',(0.,0.,-1.));
#1463 = ORIENTED_EDGE('',*,*,#568,.F.);
#1464 = FACE_BOUND('',#1465,.T.);
#1465 = EDGE_LOOP('',(#1466,#1473));
#1466 = ORIENTED_EDGE('',*,*,#1467,.F.);
#1467 = EDGE_CURVE('',#671,#663,#1468,.T.);
#1468 = CIRCLE('',#1469,0.5);
#1469 = AXIS2_PLACEMENT_3D('',#1470,#1471,#1472);
#1470 = CARTESIAN_POINT('',(-1.385,1.E-02,-2.84));
#1471 = DIRECTION('',(0.,-1.,0.));
#1472 = DIRECTION('',(0.,0.,-1.));
#1473 = ORIENTED_EDGE('',*,*,#670,.F.);
#1474 = FACE_BOUND('',#1475,.T.);
#1475 = EDGE_LOOP('',(#1476,#1483));
#1476 = ORIENTED_EDGE('',*,*,#1477,.F.);
#1477 = EDGE_CURVE('',#773,#765,#1478,.T.);
#1478 = CIRCLE('',#1479,0.5);
#1479 = AXIS2_PLACEMENT_3D('',#1480,#1481,#1482);
#1480 = CARTESIAN_POINT('',(-8.31,1.E-02,0.));
#1481 = DIRECTION('',(0.,-1.,0.));
#1482 = DIRECTION('',(0.,0.,-1.));
#1483 = ORIENTED_EDGE('',*,*,#772,.F.);
#1484 = FACE_BOUND('',#1485,.T.);
#1485 = EDGE_LOOP('',(#1486,#1493));
#1486 = ORIENTED_EDGE('',*,*,#1487,.F.);
#1487 = EDGE_CURVE('',#875,#867,#1488,.T.);
#1488 = CIRCLE('',#1489,0.5);
#1489 = AXIS2_PLACEMENT_3D('',#1490,#1491,#1492);
#1490 = CARTESIAN_POINT('',(-2.77,1.E-02,0.));
#1491 = DIRECTION('',(0.,-1.,0.));
#1492 = DIRECTION('',(0.,0.,-1.));
#1493 = ORIENTED_EDGE('',*,*,#874,.F.);
#1494 = FACE_BOUND('',#1495,.T.);
#1495 = EDGE_LOOP('',(#1496,#1507,#1515,#1524,#1532,#1541,#1549,#1558));
#1496 = ORIENTED_EDGE('',*,*,#1497,.T.);
#1497 = EDGE_CURVE('',#1498,#1500,#1502,.T.);
#1498 = VERTEX_POINT('',#1499);
#1499 = CARTESIAN_POINT('',(-1.24,1.E-02,-5.010963063023));
#1500 = VERTEX_POINT('',#1501);
#1501 = CARTESIAN_POINT('',(0.749586326476,1.E-02,-3.708692621419));
#1502 = CIRCLE('',#1503,2.170963063023);
#1503 = AXIS2_PLACEMENT_3D('',#1504,#1505,#1506);
#1504 = CARTESIAN_POINT('',(-1.24,1.E-02,-2.84));
#1505 = DIRECTION('',(0.,-1.,0.));
#1506 = DIRECTION('',(0.,0.,-1.));
#1507 = ORIENTED_EDGE('',*,*,#1508,.T.);
#1508 = EDGE_CURVE('',#1500,#1509,#1511,.T.);
#1509 = VERTEX_POINT('',#1510);
#1510 = CARTESIAN_POINT('',(1.989586326476,1.E-02,-0.868692621419));
#1511 = LINE('',#1512,#1513);
#1512 = CARTESIAN_POINT('',(0.749586326476,1.E-02,-3.708692621419));
#1513 = VECTOR('',#1514,1.);
#1514 = DIRECTION('',(0.400141594399,0.,0.916453329107));
#1515 = ORIENTED_EDGE('',*,*,#1516,.T.);
#1516 = EDGE_CURVE('',#1509,#1517,#1519,.T.);
#1517 = VERTEX_POINT('',#1518);
#1518 = CARTESIAN_POINT('',(4.205522572412E-15,1.E-02,2.170963063023));
#1519 = CIRCLE('',#1520,2.170963063023);
#1520 = AXIS2_PLACEMENT_3D('',#1521,#1522,#1523);
#1521 = CARTESIAN_POINT('',(0.,1.E-02,0.));
#1522 = DIRECTION('',(0.,-1.,0.));
#1523 = DIRECTION('',(0.,0.,-1.));
#1524 = ORIENTED_EDGE('',*,*,#1525,.T.);
#1525 = EDGE_CURVE('',#1517,#1526,#1528,.T.);
#1526 = VERTEX_POINT('',#1527);
#1527 = CARTESIAN_POINT('',(-10.79,1.E-02,2.170963063023));
#1528 = LINE('',#1529,#1530);
#1529 = CARTESIAN_POINT('',(4.205522572412E-15,1.E-02,2.170963063023));
#1530 = VECTOR('',#1531,1.);
#1531 = DIRECTION('',(-1.,0.,-1.20578554864E-16));
#1532 = ORIENTED_EDGE('',*,*,#1533,.T.);
#1533 = EDGE_CURVE('',#1526,#1534,#1536,.T.);
#1534 = VERTEX_POINT('',#1535);
#1535 = CARTESIAN_POINT('',(-12.77958632647,1.E-02,-0.868692621419));
#1536 = CIRCLE('',#1537,2.170963063023);
#1537 = AXIS2_PLACEMENT_3D('',#1538,#1539,#1540);
#1538 = CARTESIAN_POINT('',(-10.79,1.E-02,-1.321350255774E-15));
#1539 = DIRECTION('',(0.,-1.,0.));
#1540 = DIRECTION('',(0.,0.,-1.));
#1541 = ORIENTED_EDGE('',*,*,#1542,.T.);
#1542 = EDGE_CURVE('',#1534,#1543,#1545,.T.);
#1543 = VERTEX_POINT('',#1544);
#1544 = CARTESIAN_POINT('',(-11.53958632647,1.E-02,-3.708692621419));
#1545 = LINE('',#1546,#1547);
#1546 = CARTESIAN_POINT('',(-12.77958632647,1.E-02,-0.868692621419));
#1547 = VECTOR('',#1548,1.);
#1548 = DIRECTION('',(0.400141594399,0.,-0.916453329107));
#1549 = ORIENTED_EDGE('',*,*,#1550,.T.);
#1550 = EDGE_CURVE('',#1543,#1551,#1553,.T.);
#1551 = VERTEX_POINT('',#1552);
#1552 = CARTESIAN_POINT('',(-9.55,1.E-02,-5.010963063023));
#1553 = CIRCLE('',#1554,2.170963063023);
#1554 = AXIS2_PLACEMENT_3D('',#1555,#1556,#1557);
#1555 = CARTESIAN_POINT('',(-9.55,1.E-02,-2.84));
#1556 = DIRECTION('',(0.,-1.,0.));
#1557 = DIRECTION('',(0.,0.,-1.));
#1558 = ORIENTED_EDGE('',*,*,#1559,.T.);
#1559 = EDGE_CURVE('',#1551,#1498,#1560,.T.);
#1560 = LINE('',#1561,#1562);
#1561 = CARTESIAN_POINT('',(-9.55,1.E-02,-5.010963063023));
#1562 = VECTOR('',#1563,1.);
#1563 = DIRECTION('',(1.,0.,0.));
#1564 = FACE_BOUND('',#1565,.T.);
#1565 = EDGE_LOOP('',(#1566,#1573));
#1566 = ORIENTED_EDGE('',*,*,#1567,.F.);
#1567 = EDGE_CURVE('',#926,#918,#1568,.T.);
#1568 = CIRCLE('',#1569,0.5);
#1569 = AXIS2_PLACEMENT_3D('',#1570,#1571,#1572);
#1570 = CARTESIAN_POINT('',(0.,1.E-02,0.));
#1571 = DIRECTION('',(0.,-1.,0.));
#1572 = DIRECTION('',(0.,0.,-1.));
#1573 = ORIENTED_EDGE('',*,*,#925,.F.);
#1574 = FACE_BOUND('',#1575,.T.);
#1575 = EDGE_LOOP('',(#1576,#1583));
#1576 = ORIENTED_EDGE('',*,*,#1577,.F.);
#1577 = EDGE_CURVE('',#824,#816,#1578,.T.);
#1578 = CIRCLE('',#1579,0.5);
#1579 = AXIS2_PLACEMENT_3D('',#1580,#1581,#1582);
#1580 = CARTESIAN_POINT('',(-5.54,1.E-02,0.));
#1581 = DIRECTION('',(0.,-1.,0.));
#1582 = DIRECTION('',(0.,0.,-1.));
#1583 = ORIENTED_EDGE('',*,*,#823,.F.);
#1584 = FACE_BOUND('',#1585,.T.);
#1585 = EDGE_LOOP('',(#1586,#1593));
#1586 = ORIENTED_EDGE('',*,*,#1587,.F.);
#1587 = EDGE_CURVE('',#722,#714,#1588,.T.);
#1588 = CIRCLE('',#1589,0.5);
#1589 = AXIS2_PLACEMENT_3D('',#1590,#1591,#1592);
#1590 = CARTESIAN_POINT('',(-11.08,1.E-02,0.));
#1591 = DIRECTION('',(0.,-1.,0.));
#1592 = DIRECTION('',(0.,0.,-1.));
#1593 = ORIENTED_EDGE('',*,*,#721,.F.);
#1594 = FACE_BOUND('',#1595,.T.);
#1595 = EDGE_LOOP('',(#1596,#1603));
#1596 = ORIENTED_EDGE('',*,*,#1597,.F.);
#1597 = EDGE_CURVE('',#620,#612,#1598,.T.);
#1598 = CIRCLE('',#1599,0.5);
#1599 = AXIS2_PLACEMENT_3D('',#1600,#1601,#1602);
#1600 = CARTESIAN_POINT('',(-4.155,1.E-02,-2.84));
#1601 = DIRECTION('',(0.,-1.,0.));
#1602 = DIRECTION('',(0.,0.,-1.));
#1603 = ORIENTED_EDGE('',*,*,#619,.F.);
#1604 = FACE_BOUND('',#1605,.T.);
#1605 = EDGE_LOOP('',(#1606,#1613));
#1606 = ORIENTED_EDGE('',*,*,#1607,.F.);
#1607 = EDGE_CURVE('',#518,#510,#1608,.T.);
#1608 = CIRCLE('',#1609,0.5);
#1609 = AXIS2_PLACEMENT_3D('',#1610,#1611,#1612);
#1610 = CARTESIAN_POINT('',(-9.695,1.E-02,-2.84));
#1611 = DIRECTION('',(0.,-1.,0.));
#1612 = DIRECTION('',(0.,0.,-1.));
#1613 = ORIENTED_EDGE('',*,*,#517,.F.);
#1614 = PLANE('',#1615);
#1615 = AXIS2_PLACEMENT_3D('',#1616,#1617,#1618);
#1616 = CARTESIAN_POINT('',(-1.24,1.E-02,-2.84));
#1617 = DIRECTION('',(0.,-1.,0.));
#1618 = DIRECTION('',(0.,-0.,-1.));
#1619 = ADVANCED_FACE('',(#1620,#1630,#1640,#1710),#1780,.F.);
#1620 = FACE_BOUND('',#1621,.T.);
#1621 = EDGE_LOOP('',(#1622,#1629));
#1622 = ORIENTED_EDGE('',*,*,#1623,.F.);
#1623 = EDGE_CURVE('',#1019,#1011,#1624,.T.);
#1624 = CIRCLE('',#1625,2.5);
#1625 = AXIS2_PLACEMENT_3D('',#1626,#1627,#1628);
#1626 = CARTESIAN_POINT('',(7.275,5.9,-1.42));
#1627 = DIRECTION('',(0.,-1.,0.));
#1628 = DIRECTION('',(0.,0.,1.));
#1629 = ORIENTED_EDGE('',*,*,#1018,.F.);
#1630 = FACE_BOUND('',#1631,.T.);
#1631 = EDGE_LOOP('',(#1632,#1633));
#1632 = ORIENTED_EDGE('',*,*,#1102,.T.);
#1633 = ORIENTED_EDGE('',*,*,#1634,.T.);
#1634 = EDGE_CURVE('',#1095,#1103,#1635,.T.);
#1635 = CIRCLE('',#1636,2.5);
#1636 = AXIS2_PLACEMENT_3D('',#1637,#1638,#1639);
#1637 = CARTESIAN_POINT('',(-18.065,5.9,-1.42));
#1638 = DIRECTION('',(0.,1.,0.));
#1639 = DIRECTION('',(0.,-0.,1.));
#1640 = FACE_BOUND('',#1641,.T.);
#1641 = EDGE_LOOP('',(#1642,#1652,#1661,#1669,#1678,#1686,#1695,#1703));
#1642 = ORIENTED_EDGE('',*,*,#1643,.F.);
#1643 = EDGE_CURVE('',#1644,#1646,#1648,.T.);
#1644 = VERTEX_POINT('',#1645);
#1645 = CARTESIAN_POINT('',(-20.24,5.9,5.08));
#1646 = VERTEX_POINT('',#1647);
#1647 = CARTESIAN_POINT('',(9.45,5.9,5.08));
#1648 = LINE('',#1649,#1650);
#1649 = CARTESIAN_POINT('',(-21.24,5.9,5.08));
#1650 = VECTOR('',#1651,1.);
#1651 = DIRECTION('',(1.,0.,0.));
#1652 = ORIENTED_EDGE('',*,*,#1653,.T.);
#1653 = EDGE_CURVE('',#1644,#1654,#1656,.T.);
#1654 = VERTEX_POINT('',#1655);
#1655 = CARTESIAN_POINT('',(-21.24,5.9,4.08));
#1656 = CIRCLE('',#1657,1.);
#1657 = AXIS2_PLACEMENT_3D('',#1658,#1659,#1660);
#1658 = CARTESIAN_POINT('',(-20.24,5.9,4.08));
#1659 = DIRECTION('',(0.,-1.,0.));
#1660 = DIRECTION('',(0.,0.,1.));
#1661 = ORIENTED_EDGE('',*,*,#1662,.T.);
#1662 = EDGE_CURVE('',#1654,#1663,#1665,.T.);
#1663 = VERTEX_POINT('',#1664);
#1664 = CARTESIAN_POINT('',(-21.24,5.9,-6.92));
#1665 = LINE('',#1666,#1667);
#1666 = CARTESIAN_POINT('',(-21.24,5.9,5.08));
#1667 = VECTOR('',#1668,1.);
#1668 = DIRECTION('',(-0.,-0.,-1.));
#1669 = ORIENTED_EDGE('',*,*,#1670,.T.);
#1670 = EDGE_CURVE('',#1663,#1671,#1673,.T.);
#1671 = VERTEX_POINT('',#1672);
#1672 = CARTESIAN_POINT('',(-20.24,5.9,-7.92));
#1673 = CIRCLE('',#1674,1.);
#1674 = AXIS2_PLACEMENT_3D('',#1675,#1676,#1677);
#1675 = CARTESIAN_POINT('',(-20.24,5.9,-6.92));
#1676 = DIRECTION('',(0.,-1.,0.));
#1677 = DIRECTION('',(0.,0.,1.));
#1678 = ORIENTED_EDGE('',*,*,#1679,.T.);
#1679 = EDGE_CURVE('',#1671,#1680,#1682,.T.);
#1680 = VERTEX_POINT('',#1681);
#1681 = CARTESIAN_POINT('',(9.45,5.9,-7.92));
#1682 = LINE('',#1683,#1684);
#1683 = CARTESIAN_POINT('',(-21.24,5.9,-7.92));
#1684 = VECTOR('',#1685,1.);
#1685 = DIRECTION('',(1.,0.,0.));
#1686 = ORIENTED_EDGE('',*,*,#1687,.T.);
#1687 = EDGE_CURVE('',#1680,#1688,#1690,.T.);
#1688 = VERTEX_POINT('',#1689);
#1689 = CARTESIAN_POINT('',(10.45,5.9,-6.92));
#1690 = CIRCLE('',#1691,1.);
#1691 = AXIS2_PLACEMENT_3D('',#1692,#1693,#1694);
#1692 = CARTESIAN_POINT('',(9.45,5.9,-6.92));
#1693 = DIRECTION('',(0.,-1.,0.));
#1694 = DIRECTION('',(0.,0.,1.));
#1695 = ORIENTED_EDGE('',*,*,#1696,.F.);
#1696 = EDGE_CURVE('',#1697,#1688,#1699,.T.);
#1697 = VERTEX_POINT('',#1698);
#1698 = CARTESIAN_POINT('',(10.45,5.9,4.08));
#1699 = LINE('',#1700,#1701);
#1700 = CARTESIAN_POINT('',(10.45,5.9,5.08));
#1701 = VECTOR('',#1702,1.);
#1702 = DIRECTION('',(-0.,-0.,-1.));
#1703 = ORIENTED_EDGE('',*,*,#1704,.T.);
#1704 = EDGE_CURVE('',#1697,#1646,#1705,.T.);
#1705 = CIRCLE('',#1706,1.);
#1706 = AXIS2_PLACEMENT_3D('',#1707,#1708,#1709);
#1707 = CARTESIAN_POINT('',(9.45,5.9,4.08));
#1708 = DIRECTION('',(0.,-1.,0.));
#1709 = DIRECTION('',(0.,0.,1.));
#1710 = FACE_BOUND('',#1711,.T.);
#1711 = EDGE_LOOP('',(#1712,#1723,#1731,#1740,#1748,#1757,#1765,#1774));
#1712 = ORIENTED_EDGE('',*,*,#1713,.F.);
#1713 = EDGE_CURVE('',#1714,#1716,#1718,.T.);
#1714 = VERTEX_POINT('',#1715);
#1715 = CARTESIAN_POINT('',(-1.24,5.9,-5.6892));
#1716 = VERTEX_POINT('',#1717);
#1717 = CARTESIAN_POINT('',(1.371158825293,5.9,-3.980083430762));
#1718 = CIRCLE('',#1719,2.8492);
#1719 = AXIS2_PLACEMENT_3D('',#1720,#1721,#1722);
#1720 = CARTESIAN_POINT('',(-1.24,5.9,-2.84));
#1721 = DIRECTION('',(0.,-1.,0.));
#1722 = DIRECTION('',(0.,0.,-1.));
#1723 = ORIENTED_EDGE('',*,*,#1724,.F.);
#1724 = EDGE_CURVE('',#1725,#1714,#1727,.T.);
#1725 = VERTEX_POINT('',#1726);
#1726 = CARTESIAN_POINT('',(-9.55,5.9,-5.6892));
#1727 = LINE('',#1728,#1729);
#1728 = CARTESIAN_POINT('',(-1.24,5.9,-5.6892));
#1729 = VECTOR('',#1730,1.);
#1730 = DIRECTION('',(1.,-0.,1.043756604078E-16));
#1731 = ORIENTED_EDGE('',*,*,#1732,.F.);
#1732 = EDGE_CURVE('',#1733,#1725,#1735,.T.);
#1733 = VERTEX_POINT('',#1734);
#1734 = CARTESIAN_POINT('',(-12.16115882529,5.9,-3.980083430762));
#1735 = CIRCLE('',#1736,2.8492);
#1736 = AXIS2_PLACEMENT_3D('',#1737,#1738,#1739);
#1737 = CARTESIAN_POINT('',(-9.55,5.9,-2.84));
#1738 = DIRECTION('',(0.,-1.,0.));
#1739 = DIRECTION('',(0.,0.,1.));
#1740 = ORIENTED_EDGE('',*,*,#1741,.F.);
#1741 = EDGE_CURVE('',#1742,#1733,#1744,.T.);
#1742 = VERTEX_POINT('',#1743);
#1743 = CARTESIAN_POINT('',(-13.40115882529,5.9,-1.140083430762));
#1744 = LINE('',#1745,#1746);
#1745 = CARTESIAN_POINT('',(-12.16115882529,5.9,-3.980083430762));
#1746 = VECTOR('',#1747,1.);
#1747 = DIRECTION('',(0.400141594399,-0.,-0.916453329107));
#1748 = ORIENTED_EDGE('',*,*,#1749,.F.);
#1749 = EDGE_CURVE('',#1750,#1742,#1752,.T.);
#1750 = VERTEX_POINT('',#1751);
#1751 = CARTESIAN_POINT('',(-10.79,5.9,2.8492));
#1752 = CIRCLE('',#1753,2.8492);
#1753 = AXIS2_PLACEMENT_3D('',#1754,#1755,#1756);
#1754 = CARTESIAN_POINT('',(-10.79,5.9,-1.321350255774E-15));
#1755 = DIRECTION('',(0.,-1.,0.));
#1756 = DIRECTION('',(0.,0.,1.));
#1757 = ORIENTED_EDGE('',*,*,#1758,.F.);
#1758 = EDGE_CURVE('',#1759,#1750,#1761,.T.);
#1759 = VERTEX_POINT('',#1760);
#1760 = CARTESIAN_POINT('',(3.469446951954E-15,5.9,2.8492));
#1761 = LINE('',#1762,#1763);
#1762 = CARTESIAN_POINT('',(-10.79,5.9,2.8492));
#1763 = VECTOR('',#1764,1.);
#1764 = DIRECTION('',(-1.,-0.,-1.20578554864E-16));
#1765 = ORIENTED_EDGE('',*,*,#1766,.F.);
#1766 = EDGE_CURVE('',#1767,#1759,#1769,.T.);
#1767 = VERTEX_POINT('',#1768);
#1768 = CARTESIAN_POINT('',(2.611158825293,5.9,-1.140083430762));
#1769 = CIRCLE('',#1770,2.8492);
#1770 = AXIS2_PLACEMENT_3D('',#1771,#1772,#1773);
#1771 = CARTESIAN_POINT('',(0.,5.9,0.));
#1772 = DIRECTION('',(0.,-1.,0.));
#1773 = DIRECTION('',(0.,0.,-1.));
#1774 = ORIENTED_EDGE('',*,*,#1775,.F.);
#1775 = EDGE_CURVE('',#1716,#1767,#1776,.T.);
#1776 = LINE('',#1777,#1778);
#1777 = CARTESIAN_POINT('',(1.371158825293,5.9,-3.980083430762));
#1778 = VECTOR('',#1779,1.);
#1779 = DIRECTION('',(0.400141594399,0.,0.916453329107));
#1780 = PLANE('',#1781);
#1781 = AXIS2_PLACEMENT_3D('',#1782,#1783,#1784);
#1782 = CARTESIAN_POINT('',(-21.24,5.9,5.08));
#1783 = DIRECTION('',(0.,1.,0.));
#1784 = DIRECTION('',(0.,-0.,1.));
#1785 = ADVANCED_FACE('',(#1786,#1796),#1806,.F.);
#1786 = FACE_BOUND('',#1787,.T.);
#1787 = EDGE_LOOP('',(#1788,#1795));
#1788 = ORIENTED_EDGE('',*,*,#1789,.T.);
#1789 = EDGE_CURVE('',#1002,#1000,#1790,.T.);
#1790 = CIRCLE('',#1791,2.5);
#1791 = AXIS2_PLACEMENT_3D('',#1792,#1793,#1794);
#1792 = CARTESIAN_POINT('',(7.275,0.,-1.42));
#1793 = DIRECTION('',(0.,-1.,0.));
#1794 = DIRECTION('',(0.,0.,1.));
#1795 = ORIENTED_EDGE('',*,*,#999,.T.);
#1796 = FACE_BOUND('',#1797,.T.);
#1797 = EDGE_LOOP('',(#1798,#1799));
#1798 = ORIENTED_EDGE('',*,*,#984,.F.);
#1799 = ORIENTED_EDGE('',*,*,#1800,.F.);
#1800 = EDGE_CURVE('',#977,#958,#1801,.T.);
#1801 = CIRCLE('',#1802,1.4);
#1802 = AXIS2_PLACEMENT_3D('',#1803,#1804,#1805);
#1803 = CARTESIAN_POINT('',(7.275,0.,-1.42));
#1804 = DIRECTION('',(0.,-1.,0.));
#1805 = DIRECTION('',(0.,0.,1.));
#1806 = PLANE('',#1807);
#1807 = AXIS2_PLACEMENT_3D('',#1808,#1809,#1810);
#1808 = CARTESIAN_POINT('',(7.275,0.,-1.42));
#1809 = DIRECTION('',(0.,1.,0.));
#1810 = DIRECTION('',(0.,-0.,1.));
#1811 = ADVANCED_FACE('',(#1812),#1828,.F.);
#1812 = FACE_BOUND('',#1813,.T.);
#1813 = EDGE_LOOP('',(#1814,#1815,#1821,#1822));
#1814 = ORIENTED_EDGE('',*,*,#1662,.F.);
#1815 = ORIENTED_EDGE('',*,*,#1816,.T.);
#1816 = EDGE_CURVE('',#1654,#1312,#1817,.T.);
#1817 = LINE('',#1818,#1819);
#1818 = CARTESIAN_POINT('',(-21.24,5.9,4.08));
#1819 = VECTOR('',#1820,1.);
#1820 = DIRECTION('',(-0.,1.,-0.));
#1821 = ORIENTED_EDGE('',*,*,#1311,.T.);
#1822 = ORIENTED_EDGE('',*,*,#1823,.T.);
#1823 = EDGE_CURVE('',#1314,#1663,#1824,.T.);
#1824 = LINE('',#1825,#1826);
#1825 = CARTESIAN_POINT('',(-21.24,5.9,-6.92));
#1826 = VECTOR('',#1827,1.);
#1827 = DIRECTION('',(0.,-1.,0.));
#1828 = PLANE('',#1829);
#1829 = AXIS2_PLACEMENT_3D('',#1830,#1831,#1832);
#1830 = CARTESIAN_POINT('',(-21.24,5.9,5.08));
#1831 = DIRECTION('',(1.,0.,0.));
#1832 = DIRECTION('',(0.,0.,-1.));
#1833 = ADVANCED_FACE('',(#1834),#1850,.F.);
#1834 = FACE_BOUND('',#1835,.T.);
#1835 = EDGE_LOOP('',(#1836,#1837,#1843,#1844));
#1836 = ORIENTED_EDGE('',*,*,#1347,.F.);
#1837 = ORIENTED_EDGE('',*,*,#1838,.T.);
#1838 = EDGE_CURVE('',#1339,#1697,#1839,.T.);
#1839 = LINE('',#1840,#1841);
#1840 = CARTESIAN_POINT('',(10.45,5.9,4.08));
#1841 = VECTOR('',#1842,1.);
#1842 = DIRECTION('',(-0.,-1.,-0.));
#1843 = ORIENTED_EDGE('',*,*,#1696,.T.);
#1844 = ORIENTED_EDGE('',*,*,#1845,.T.);
#1845 = EDGE_CURVE('',#1688,#1348,#1846,.T.);
#1846 = LINE('',#1847,#1848);
#1847 = CARTESIAN_POINT('',(10.45,6.3,-6.92));
#1848 = VECTOR('',#1849,1.);
#1849 = DIRECTION('',(0.,1.,0.));
#1850 = PLANE('',#1851);
#1851 = AXIS2_PLACEMENT_3D('',#1852,#1853,#1854);
#1852 = CARTESIAN_POINT('',(10.45,5.9,5.08));
#1853 = DIRECTION('',(-1.,0.,0.));
#1854 = DIRECTION('',(0.,0.,1.));
#1855 = ADVANCED_FACE('',(#1856),#1872,.F.);
#1856 = FACE_BOUND('',#1857,.T.);
#1857 = EDGE_LOOP('',(#1858,#1859,#1865,#1866));
#1858 = ORIENTED_EDGE('',*,*,#1330,.T.);
#1859 = ORIENTED_EDGE('',*,*,#1860,.T.);
#1860 = EDGE_CURVE('',#1322,#1644,#1861,.T.);
#1861 = LINE('',#1862,#1863);
#1862 = CARTESIAN_POINT('',(-20.24,6.3,5.08));
#1863 = VECTOR('',#1864,1.);
#1864 = DIRECTION('',(0.,-1.,0.));
#1865 = ORIENTED_EDGE('',*,*,#1643,.T.);
#1866 = ORIENTED_EDGE('',*,*,#1867,.T.);
#1867 = EDGE_CURVE('',#1646,#1331,#1868,.T.);
#1868 = LINE('',#1869,#1870);
#1869 = CARTESIAN_POINT('',(9.45,6.3,5.08));
#1870 = VECTOR('',#1871,1.);
#1871 = DIRECTION('',(0.,1.,0.));
#1872 = PLANE('',#1873);
#1873 = AXIS2_PLACEMENT_3D('',#1874,#1875,#1876);
#1874 = CARTESIAN_POINT('',(-21.24,6.3,5.08));
#1875 = DIRECTION('',(0.,0.,-1.));
#1876 = DIRECTION('',(-1.,0.,-0.));
#1877 = ADVANCED_FACE('',(#1878),#1894,.T.);
#1878 = FACE_BOUND('',#1879,.T.);
#1879 = EDGE_LOOP('',(#1880,#1881,#1887,#1888));
#1880 = ORIENTED_EDGE('',*,*,#1364,.F.);
#1881 = ORIENTED_EDGE('',*,*,#1882,.T.);
#1882 = EDGE_CURVE('',#1356,#1680,#1883,.T.);
#1883 = LINE('',#1884,#1885);
#1884 = CARTESIAN_POINT('',(9.45,5.9,-7.92));
#1885 = VECTOR('',#1886,1.);
#1886 = DIRECTION('',(0.,-1.,-0.));
#1887 = ORIENTED_EDGE('',*,*,#1679,.F.);
#1888 = ORIENTED_EDGE('',*,*,#1889,.T.);
#1889 = EDGE_CURVE('',#1671,#1365,#1890,.T.);
#1890 = LINE('',#1891,#1892);
#1891 = CARTESIAN_POINT('',(-20.24,6.3,-7.92));
#1892 = VECTOR('',#1893,1.);
#1893 = DIRECTION('',(-0.,1.,-0.));
#1894 = PLANE('',#1895);
#1895 = AXIS2_PLACEMENT_3D('',#1896,#1897,#1898);
#1896 = CARTESIAN_POINT('',(-21.24,6.3,-7.92));
#1897 = DIRECTION('',(0.,0.,-1.));
#1898 = DIRECTION('',(-1.,0.,-0.));
#1899 = ADVANCED_FACE('',(#1900),#1906,.T.);
#1900 = FACE_BOUND('',#1901,.T.);
#1901 = EDGE_LOOP('',(#1902,#1903,#1904,#1905));
#1902 = ORIENTED_EDGE('',*,*,#1321,.F.);
#1903 = ORIENTED_EDGE('',*,*,#1816,.F.);
#1904 = ORIENTED_EDGE('',*,*,#1653,.F.);
#1905 = ORIENTED_EDGE('',*,*,#1860,.F.);
#1906 = CYLINDRICAL_SURFACE('',#1907,1.);
#1907 = AXIS2_PLACEMENT_3D('',#1908,#1909,#1910);
#1908 = CARTESIAN_POINT('',(-20.24,6.3,4.08));
#1909 = DIRECTION('',(0.,-1.,0.));
#1910 = DIRECTION('',(0.,0.,-1.));
#1911 = ADVANCED_FACE('',(#1912),#1918,.T.);
#1912 = FACE_BOUND('',#1913,.T.);
#1913 = EDGE_LOOP('',(#1914,#1915,#1916,#1917));
#1914 = ORIENTED_EDGE('',*,*,#1704,.F.);
#1915 = ORIENTED_EDGE('',*,*,#1838,.F.);
#1916 = ORIENTED_EDGE('',*,*,#1338,.F.);
#1917 = ORIENTED_EDGE('',*,*,#1867,.F.);
#1918 = CYLINDRICAL_SURFACE('',#1919,1.);
#1919 = AXIS2_PLACEMENT_3D('',#1920,#1921,#1922);
#1920 = CARTESIAN_POINT('',(9.45,6.3,4.08));
#1921 = DIRECTION('',(0.,1.,0.));
#1922 = DIRECTION('',(0.,-0.,1.));
#1923 = ADVANCED_FACE('',(#1924),#1930,.T.);
#1924 = FACE_BOUND('',#1925,.T.);
#1925 = EDGE_LOOP('',(#1926,#1927,#1928,#1929));
#1926 = ORIENTED_EDGE('',*,*,#1687,.F.);
#1927 = ORIENTED_EDGE('',*,*,#1882,.F.);
#1928 = ORIENTED_EDGE('',*,*,#1355,.F.);
#1929 = ORIENTED_EDGE('',*,*,#1845,.F.);
#1930 = CYLINDRICAL_SURFACE('',#1931,1.);
#1931 = AXIS2_PLACEMENT_3D('',#1932,#1933,#1934);
#1932 = CARTESIAN_POINT('',(9.45,5.9,-6.92));
#1933 = DIRECTION('',(0.,-1.,0.));
#1934 = DIRECTION('',(0.,0.,-1.));
#1935 = ADVANCED_FACE('',(#1936),#1942,.T.);
#1936 = FACE_BOUND('',#1937,.T.);
#1937 = EDGE_LOOP('',(#1938,#1939,#1940,#1941));
#1938 = ORIENTED_EDGE('',*,*,#1372,.F.);
#1939 = ORIENTED_EDGE('',*,*,#1889,.F.);
#1940 = ORIENTED_EDGE('',*,*,#1670,.F.);
#1941 = ORIENTED_EDGE('',*,*,#1823,.F.);
#1942 = CYLINDRICAL_SURFACE('',#1943,1.);
#1943 = AXIS2_PLACEMENT_3D('',#1944,#1945,#1946);
#1944 = CARTESIAN_POINT('',(-20.24,5.9,-6.92));
#1945 = DIRECTION('',(-0.,1.,0.));
#1946 = DIRECTION('',(0.,0.,1.));
#1947 = ADVANCED_FACE('',(#1948),#1960,.T.);
#1948 = FACE_BOUND('',#1949,.T.);
#1949 = EDGE_LOOP('',(#1950,#1951,#1958,#1959));
#1950 = ORIENTED_EDGE('',*,*,#1094,.F.);
#1951 = ORIENTED_EDGE('',*,*,#1952,.T.);
#1952 = EDGE_CURVE('',#1086,#1084,#1953,.T.);
#1953 = CIRCLE('',#1954,2.5);
#1954 = AXIS2_PLACEMENT_3D('',#1955,#1956,#1957);
#1955 = CARTESIAN_POINT('',(-18.065,0.,-1.42));
#1956 = DIRECTION('',(0.,1.,0.));
#1957 = DIRECTION('',(0.,-0.,1.));
#1958 = ORIENTED_EDGE('',*,*,#1111,.T.);
#1959 = ORIENTED_EDGE('',*,*,#1634,.F.);
#1960 = CYLINDRICAL_SURFACE('',#1961,2.5);
#1961 = AXIS2_PLACEMENT_3D('',#1962,#1963,#1964);
#1962 = CARTESIAN_POINT('',(-18.065,0.,-1.42));
#1963 = DIRECTION('',(0.,1.,0.));
#1964 = DIRECTION('',(0.,-0.,1.));
#1965 = ADVANCED_FACE('',(#1966,#1976),#1980,.F.);
#1966 = FACE_BOUND('',#1967,.T.);
#1967 = EDGE_LOOP('',(#1968,#1975));
#1968 = ORIENTED_EDGE('',*,*,#1969,.T.);
#1969 = EDGE_CURVE('',#1042,#1061,#1970,.T.);
#1970 = CIRCLE('',#1971,1.4);
#1971 = AXIS2_PLACEMENT_3D('',#1972,#1973,#1974);
#1972 = CARTESIAN_POINT('',(-18.065,0.,-1.42));
#1973 = DIRECTION('',(0.,1.,0.));
#1974 = DIRECTION('',(0.,-0.,1.));
#1975 = ORIENTED_EDGE('',*,*,#1068,.T.);
#1976 = FACE_BOUND('',#1977,.T.);
#1977 = EDGE_LOOP('',(#1978,#1979));
#1978 = ORIENTED_EDGE('',*,*,#1083,.F.);
#1979 = ORIENTED_EDGE('',*,*,#1952,.F.);
#1980 = PLANE('',#1981);
#1981 = AXIS2_PLACEMENT_3D('',#1982,#1983,#1984);
#1982 = CARTESIAN_POINT('',(-18.065,0.,-1.42));
#1983 = DIRECTION('',(0.,1.,0.));
#1984 = DIRECTION('',(0.,-0.,1.));
#1985 = ADVANCED_FACE('',(#1986),#1992,.F.);
#1986 = FACE_BOUND('',#1987,.F.);
#1987 = EDGE_LOOP('',(#1988,#1989,#1990,#1991));
#1988 = ORIENTED_EDGE('',*,*,#1301,.F.);
#1989 = ORIENTED_EDGE('',*,*,#1041,.F.);
#1990 = ORIENTED_EDGE('',*,*,#1969,.T.);
#1991 = ORIENTED_EDGE('',*,*,#1060,.T.);
#1992 = CYLINDRICAL_SURFACE('',#1993,1.4);
#1993 = AXIS2_PLACEMENT_3D('',#1994,#1995,#1996);
#1994 = CARTESIAN_POINT('',(-18.065,0.,-1.42));
#1995 = DIRECTION('',(-0.,1.,-0.));
#1996 = DIRECTION('',(0.,0.,1.));
#1997 = ADVANCED_FACE('',(#1998),#2004,.T.);
#1998 = FACE_BOUND('',#1999,.T.);
#1999 = EDGE_LOOP('',(#2000,#2001,#2002,#2003));
#2000 = ORIENTED_EDGE('',*,*,#1010,.F.);
#2001 = ORIENTED_EDGE('',*,*,#1789,.F.);
#2002 = ORIENTED_EDGE('',*,*,#1027,.T.);
#2003 = ORIENTED_EDGE('',*,*,#1623,.T.);
#2004 = CYLINDRICAL_SURFACE('',#2005,2.5);
#2005 = AXIS2_PLACEMENT_3D('',#2006,#2007,#2008);
#2006 = CARTESIAN_POINT('',(7.275,0.,-1.42));
#2007 = DIRECTION('',(0.,1.,0.));
#2008 = DIRECTION('',(0.,-0.,1.));
#2009 = ADVANCED_FACE('',(#2010),#2016,.F.);
#2010 = FACE_BOUND('',#2011,.F.);
#2011 = EDGE_LOOP('',(#2012,#2013,#2014,#2015));
#2012 = ORIENTED_EDGE('',*,*,#1292,.T.);
#2013 = ORIENTED_EDGE('',*,*,#957,.F.);
#2014 = ORIENTED_EDGE('',*,*,#1800,.F.);
#2015 = ORIENTED_EDGE('',*,*,#976,.T.);
#2016 = CYLINDRICAL_SURFACE('',#2017,1.4);
#2017 = AXIS2_PLACEMENT_3D('',#2018,#2019,#2020);
#2018 = CARTESIAN_POINT('',(7.275,0.,-1.42));
#2019 = DIRECTION('',(-0.,1.,-0.));
#2020 = DIRECTION('',(0.,0.,1.));
#2021 = ADVANCED_FACE('',(#2022),#2048,.T.);
#2022 = FACE_BOUND('',#2023,.T.);
#2023 = EDGE_LOOP('',(#2024,#2025,#2033,#2042));
#2024 = ORIENTED_EDGE('',*,*,#1713,.T.);
#2025 = ORIENTED_EDGE('',*,*,#2026,.F.);
#2026 = EDGE_CURVE('',#2027,#1716,#2029,.T.);
#2027 = VERTEX_POINT('',#2028);
#2028 = CARTESIAN_POINT('',(1.116167658119,0.,-3.868749259179));
#2029 = LINE('',#2030,#2031);
#2030 = CARTESIAN_POINT('',(1.371158825293,5.9,-3.980083430762));
#2031 = VECTOR('',#2032,1.);
#2032 = DIRECTION('',(4.317086357528E-02,0.998889874962,
    -1.884925029343E-02));
#2033 = ORIENTED_EDGE('',*,*,#2034,.F.);
#2034 = EDGE_CURVE('',#2035,#2027,#2037,.T.);
#2035 = VERTEX_POINT('',#2036);
#2036 = CARTESIAN_POINT('',(-1.24,0.,-5.410963063023));
#2037 = CIRCLE('',#2038,2.570963063023);
#2038 = AXIS2_PLACEMENT_3D('',#2039,#2040,#2041);
#2039 = CARTESIAN_POINT('',(-1.24,0.,-2.84));
#2040 = DIRECTION('',(0.,-1.,0.));
#2041 = DIRECTION('',(0.,0.,-1.));
#2042 = ORIENTED_EDGE('',*,*,#2043,.T.);
#2043 = EDGE_CURVE('',#2035,#1714,#2044,.T.);
#2044 = LINE('',#2045,#2046);
#2045 = CARTESIAN_POINT('',(-1.24,5.9,-5.6892));
#2046 = VECTOR('',#2047,1.);
#2047 = DIRECTION('',(-0.,0.998889874962,-4.710645070964E-02));
#2048 = CONICAL_SURFACE('',#2049,2.8492,4.712388980385E-02);
#2049 = AXIS2_PLACEMENT_3D('',#2050,#2051,#2052);
#2050 = CARTESIAN_POINT('',(-1.24,5.9,-2.84));
#2051 = DIRECTION('',(-0.,1.,-0.));
#2052 = DIRECTION('',(0.,0.,-1.));
#2053 = ADVANCED_FACE('',(#2054),#2072,.T.);
#2054 = FACE_BOUND('',#2055,.T.);
#2055 = EDGE_LOOP('',(#2056,#2057,#2065,#2071));
#2056 = ORIENTED_EDGE('',*,*,#1775,.T.);
#2057 = ORIENTED_EDGE('',*,*,#2058,.F.);
#2058 = EDGE_CURVE('',#2059,#1767,#2061,.T.);
#2059 = VERTEX_POINT('',#2060);
#2060 = CARTESIAN_POINT('',(2.356167658119,0.,-1.028749259179));
#2061 = LINE('',#2062,#2063);
#2062 = CARTESIAN_POINT('',(2.611158825293,5.9,-1.140083430762));
#2063 = VECTOR('',#2064,1.);
#2064 = DIRECTION('',(4.317086357528E-02,0.998889874962,
    -1.884925029343E-02));
#2065 = ORIENTED_EDGE('',*,*,#2066,.F.);
#2066 = EDGE_CURVE('',#2027,#2059,#2067,.T.);
#2067 = LINE('',#2068,#2069);
#2068 = CARTESIAN_POINT('',(1.116167658119,0.,-3.868749259179));
#2069 = VECTOR('',#2070,1.);
#2070 = DIRECTION('',(0.400141594399,-0.,0.916453329107));
#2071 = ORIENTED_EDGE('',*,*,#2026,.T.);
#2072 = PLANE('',#2073);
#2073 = AXIS2_PLACEMENT_3D('',#2074,#2075,#2076);
#2074 = CARTESIAN_POINT('',(1.371158825293,5.9,-3.980083430762));
#2075 = DIRECTION('',(0.91543595132,-4.710645070964E-02,-0.399697387196)
  );
#2076 = DIRECTION('',(-0.400141594399,3.469446951954E-18,-0.916453329107
    ));
#2077 = ADVANCED_FACE('',(#2078),#2097,.T.);
#2078 = FACE_BOUND('',#2079,.T.);
#2079 = EDGE_LOOP('',(#2080,#2081,#2089,#2096));
#2080 = ORIENTED_EDGE('',*,*,#1766,.T.);
#2081 = ORIENTED_EDGE('',*,*,#2082,.F.);
#2082 = EDGE_CURVE('',#2083,#1759,#2085,.T.);
#2083 = VERTEX_POINT('',#2084);
#2084 = CARTESIAN_POINT('',(3.502996359724E-15,0.,2.570963063023));
#2085 = LINE('',#2086,#2087);
#2086 = CARTESIAN_POINT('',(3.469446951954E-15,5.9,2.8492));
#2087 = VECTOR('',#2088,1.);
#2088 = DIRECTION('',(-5.680027751341E-18,0.998889874962,
    4.710645070964E-02));
#2089 = ORIENTED_EDGE('',*,*,#2090,.F.);
#2090 = EDGE_CURVE('',#2059,#2083,#2091,.T.);
#2091 = CIRCLE('',#2092,2.570963063023);
#2092 = AXIS2_PLACEMENT_3D('',#2093,#2094,#2095);
#2093 = CARTESIAN_POINT('',(0.,0.,0.));
#2094 = DIRECTION('',(0.,-1.,0.));
#2095 = DIRECTION('',(0.,0.,-1.));
#2096 = ORIENTED_EDGE('',*,*,#2058,.T.);
#2097 = CONICAL_SURFACE('',#2098,2.8492,4.712388980385E-02);
#2098 = AXIS2_PLACEMENT_3D('',#2099,#2100,#2101);
#2099 = CARTESIAN_POINT('',(0.,5.9,0.));
#2100 = DIRECTION('',(-0.,1.,-0.));
#2101 = DIRECTION('',(0.,0.,-1.));
#2102 = ADVANCED_FACE('',(#2103),#2121,.T.);
#2103 = FACE_BOUND('',#2104,.T.);
#2104 = EDGE_LOOP('',(#2105,#2106,#2114,#2120));
#2105 = ORIENTED_EDGE('',*,*,#1758,.T.);
#2106 = ORIENTED_EDGE('',*,*,#2107,.F.);
#2107 = EDGE_CURVE('',#2108,#1750,#2110,.T.);
#2108 = VERTEX_POINT('',#2109);
#2109 = CARTESIAN_POINT('',(-10.79,0.,2.570963063023));
#2110 = LINE('',#2111,#2112);
#2111 = CARTESIAN_POINT('',(-10.79,5.9,2.8492));
#2112 = VECTOR('',#2113,1.);
#2113 = DIRECTION('',(-5.73611300828E-17,0.998889874962,
    4.710645070964E-02));
#2114 = ORIENTED_EDGE('',*,*,#2115,.F.);
#2115 = EDGE_CURVE('',#2083,#2108,#2116,.T.);
#2116 = LINE('',#2117,#2118);
#2117 = CARTESIAN_POINT('',(-10.79,0.,2.570963063023));
#2118 = VECTOR('',#2119,1.);
#2119 = DIRECTION('',(-1.,-0.,-1.20578554864E-16));
#2120 = ORIENTED_EDGE('',*,*,#2082,.T.);
#2121 = PLANE('',#2122);
#2122 = AXIS2_PLACEMENT_3D('',#2123,#2124,#2125);
#2123 = CARTESIAN_POINT('',(-10.79,5.9,2.8492));
#2124 = DIRECTION('',(-1.204446975912E-16,-4.710645070964E-02,
    0.998889874962));
#2125 = DIRECTION('',(-1.54074395551E-33,-0.998889874962,
    -4.710645070964E-02));
#2126 = ADVANCED_FACE('',(#2127),#2146,.T.);
#2127 = FACE_BOUND('',#2128,.T.);
#2128 = EDGE_LOOP('',(#2129,#2130,#2138,#2145));
#2129 = ORIENTED_EDGE('',*,*,#1749,.T.);
#2130 = ORIENTED_EDGE('',*,*,#2131,.F.);
#2131 = EDGE_CURVE('',#2132,#1742,#2134,.T.);
#2132 = VERTEX_POINT('',#2133);
#2133 = CARTESIAN_POINT('',(-13.14616765811,0.,-1.028749259179));
#2134 = LINE('',#2135,#2136);
#2135 = CARTESIAN_POINT('',(-13.40115882529,5.9,-1.140083430762));
#2136 = VECTOR('',#2137,1.);
#2137 = DIRECTION('',(-4.317086357528E-02,0.998889874962,
    -1.884925029343E-02));
#2138 = ORIENTED_EDGE('',*,*,#2139,.F.);
#2139 = EDGE_CURVE('',#2108,#2132,#2140,.T.);
#2140 = CIRCLE('',#2141,2.570963063023);
#2141 = AXIS2_PLACEMENT_3D('',#2142,#2143,#2144);
#2142 = CARTESIAN_POINT('',(-10.79,0.,-1.321350255774E-15));
#2143 = DIRECTION('',(0.,-1.,0.));
#2144 = DIRECTION('',(0.,0.,-1.));
#2145 = ORIENTED_EDGE('',*,*,#2107,.T.);
#2146 = CONICAL_SURFACE('',#2147,2.8492,4.712388980385E-02);
#2147 = AXIS2_PLACEMENT_3D('',#2148,#2149,#2150);
#2148 = CARTESIAN_POINT('',(-10.79,5.9,-1.321350255774E-15));
#2149 = DIRECTION('',(-0.,1.,-0.));
#2150 = DIRECTION('',(0.,0.,1.));
#2151 = ADVANCED_FACE('',(#2152),#2170,.T.);
#2152 = FACE_BOUND('',#2153,.T.);
#2153 = EDGE_LOOP('',(#2154,#2155,#2163,#2169));
#2154 = ORIENTED_EDGE('',*,*,#1741,.T.);
#2155 = ORIENTED_EDGE('',*,*,#2156,.F.);
#2156 = EDGE_CURVE('',#2157,#1733,#2159,.T.);
#2157 = VERTEX_POINT('',#2158);
#2158 = CARTESIAN_POINT('',(-11.90616765811,0.,-3.868749259179));
#2159 = LINE('',#2160,#2161);
#2160 = CARTESIAN_POINT('',(-12.16115882529,5.9,-3.980083430762));
#2161 = VECTOR('',#2162,1.);
#2162 = DIRECTION('',(-4.317086357528E-02,0.998889874962,
    -1.884925029343E-02));
#2163 = ORIENTED_EDGE('',*,*,#2164,.F.);
#2164 = EDGE_CURVE('',#2132,#2157,#2165,.T.);
#2165 = LINE('',#2166,#2167);
#2166 = CARTESIAN_POINT('',(-11.90616765811,0.,-3.868749259179));
#2167 = VECTOR('',#2168,1.);
#2168 = DIRECTION('',(0.400141594399,-0.,-0.916453329107));
#2169 = ORIENTED_EDGE('',*,*,#2131,.T.);
#2170 = PLANE('',#2171);
#2171 = AXIS2_PLACEMENT_3D('',#2172,#2173,#2174);
#2172 = CARTESIAN_POINT('',(-12.16115882529,5.9,-3.980083430762));
#2173 = DIRECTION('',(-0.91543595132,-4.710645070964E-02,-0.399697387196
    ));
#2174 = DIRECTION('',(-0.400141594399,0.,0.916453329107));
#2175 = ADVANCED_FACE('',(#2176),#2195,.T.);
#2176 = FACE_BOUND('',#2177,.T.);
#2177 = EDGE_LOOP('',(#2178,#2179,#2187,#2194));
#2178 = ORIENTED_EDGE('',*,*,#1732,.T.);
#2179 = ORIENTED_EDGE('',*,*,#2180,.F.);
#2180 = EDGE_CURVE('',#2181,#1725,#2183,.T.);
#2181 = VERTEX_POINT('',#2182);
#2182 = CARTESIAN_POINT('',(-9.55,0.,-5.410963063023));
#2183 = LINE('',#2184,#2185);
#2184 = CARTESIAN_POINT('',(-9.55,5.9,-5.6892));
#2185 = VECTOR('',#2186,1.);
#2186 = DIRECTION('',(4.916766902284E-18,0.998889874962,
    -4.710645070964E-02));
#2187 = ORIENTED_EDGE('',*,*,#2188,.F.);
#2188 = EDGE_CURVE('',#2157,#2181,#2189,.T.);
#2189 = CIRCLE('',#2190,2.570963063023);
#2190 = AXIS2_PLACEMENT_3D('',#2191,#2192,#2193);
#2191 = CARTESIAN_POINT('',(-9.55,0.,-2.84));
#2192 = DIRECTION('',(0.,-1.,0.));
#2193 = DIRECTION('',(0.,0.,-1.));
#2194 = ORIENTED_EDGE('',*,*,#2156,.T.);
#2195 = CONICAL_SURFACE('',#2196,2.8492,4.712388980385E-02);
#2196 = AXIS2_PLACEMENT_3D('',#2197,#2198,#2199);
#2197 = CARTESIAN_POINT('',(-9.55,5.9,-2.84));
#2198 = DIRECTION('',(-0.,1.,-0.));
#2199 = DIRECTION('',(0.,0.,1.));
#2200 = ADVANCED_FACE('',(#2201),#2212,.T.);
#2201 = FACE_BOUND('',#2202,.T.);
#2202 = EDGE_LOOP('',(#2203,#2204,#2205,#2211));
#2203 = ORIENTED_EDGE('',*,*,#1724,.T.);
#2204 = ORIENTED_EDGE('',*,*,#2043,.F.);
#2205 = ORIENTED_EDGE('',*,*,#2206,.F.);
#2206 = EDGE_CURVE('',#2181,#2035,#2207,.T.);
#2207 = LINE('',#2208,#2209);
#2208 = CARTESIAN_POINT('',(-1.24,0.,-5.410963063023));
#2209 = VECTOR('',#2210,1.);
#2210 = DIRECTION('',(1.,-0.,1.043756604078E-16));
#2211 = ORIENTED_EDGE('',*,*,#2180,.T.);
#2212 = PLANE('',#2213);
#2213 = AXIS2_PLACEMENT_3D('',#2214,#2215,#2216);
#2214 = CARTESIAN_POINT('',(-1.24,5.9,-5.6892));
#2215 = DIRECTION('',(1.042597903738E-16,-4.710645070964E-02,
    -0.998889874962));
#2216 = DIRECTION('',(0.,0.998889874962,-4.710645070964E-02));
#2217 = ADVANCED_FACE('',(#2218,#2288),#2298,.T.);
#2218 = FACE_BOUND('',#2219,.T.);
#2219 = EDGE_LOOP('',(#2220,#2231,#2239,#2248,#2256,#2265,#2273,#2282));
#2220 = ORIENTED_EDGE('',*,*,#2221,.F.);
#2221 = EDGE_CURVE('',#2222,#2224,#2226,.T.);
#2222 = VERTEX_POINT('',#2223);
#2223 = CARTESIAN_POINT('',(-1.24,-0.,-5.010963063023));
#2224 = VERTEX_POINT('',#2225);
#2225 = CARTESIAN_POINT('',(0.749586326476,0.,-3.708692621419));
#2226 = CIRCLE('',#2227,2.170963063023);
#2227 = AXIS2_PLACEMENT_3D('',#2228,#2229,#2230);
#2228 = CARTESIAN_POINT('',(-1.24,-0.,-2.84));
#2229 = DIRECTION('',(0.,-1.,0.));
#2230 = DIRECTION('',(0.,0.,-1.));
#2231 = ORIENTED_EDGE('',*,*,#2232,.F.);
#2232 = EDGE_CURVE('',#2233,#2222,#2235,.T.);
#2233 = VERTEX_POINT('',#2234);
#2234 = CARTESIAN_POINT('',(-9.55,-0.,-5.010963063023));
#2235 = LINE('',#2236,#2237);
#2236 = CARTESIAN_POINT('',(-9.55,-0.,-5.010963063023));
#2237 = VECTOR('',#2238,1.);
#2238 = DIRECTION('',(1.,0.,0.));
#2239 = ORIENTED_EDGE('',*,*,#2240,.F.);
#2240 = EDGE_CURVE('',#2241,#2233,#2243,.T.);
#2241 = VERTEX_POINT('',#2242);
#2242 = CARTESIAN_POINT('',(-11.53958632647,-0.,-3.708692621419));
#2243 = CIRCLE('',#2244,2.170963063023);
#2244 = AXIS2_PLACEMENT_3D('',#2245,#2246,#2247);
#2245 = CARTESIAN_POINT('',(-9.55,-0.,-2.84));
#2246 = DIRECTION('',(0.,-1.,0.));
#2247 = DIRECTION('',(0.,0.,-1.));
#2248 = ORIENTED_EDGE('',*,*,#2249,.F.);
#2249 = EDGE_CURVE('',#2250,#2241,#2252,.T.);
#2250 = VERTEX_POINT('',#2251);
#2251 = CARTESIAN_POINT('',(-12.77958632647,-0.,-0.868692621419));
#2252 = LINE('',#2253,#2254);
#2253 = CARTESIAN_POINT('',(-12.77958632647,-0.,-0.868692621419));
#2254 = VECTOR('',#2255,1.);
#2255 = DIRECTION('',(0.400141594399,0.,-0.916453329107));
#2256 = ORIENTED_EDGE('',*,*,#2257,.F.);
#2257 = EDGE_CURVE('',#2258,#2250,#2260,.T.);
#2258 = VERTEX_POINT('',#2259);
#2259 = CARTESIAN_POINT('',(-10.79,0.,2.170963063023));
#2260 = CIRCLE('',#2261,2.170963063023);
#2261 = AXIS2_PLACEMENT_3D('',#2262,#2263,#2264);
#2262 = CARTESIAN_POINT('',(-10.79,-0.,-1.321350255774E-15));
#2263 = DIRECTION('',(0.,-1.,0.));
#2264 = DIRECTION('',(0.,0.,-1.));
#2265 = ORIENTED_EDGE('',*,*,#2266,.F.);
#2266 = EDGE_CURVE('',#2267,#2258,#2269,.T.);
#2267 = VERTEX_POINT('',#2268);
#2268 = CARTESIAN_POINT('',(4.205522572412E-15,0.,2.170963063023));
#2269 = LINE('',#2270,#2271);
#2270 = CARTESIAN_POINT('',(4.205522572412E-15,0.,2.170963063023));
#2271 = VECTOR('',#2272,1.);
#2272 = DIRECTION('',(-1.,0.,-1.20578554864E-16));
#2273 = ORIENTED_EDGE('',*,*,#2274,.F.);
#2274 = EDGE_CURVE('',#2275,#2267,#2277,.T.);
#2275 = VERTEX_POINT('',#2276);
#2276 = CARTESIAN_POINT('',(1.989586326476,0.,-0.868692621419));
#2277 = CIRCLE('',#2278,2.170963063023);
#2278 = AXIS2_PLACEMENT_3D('',#2279,#2280,#2281);
#2279 = CARTESIAN_POINT('',(0.,0.,0.));
#2280 = DIRECTION('',(0.,-1.,0.));
#2281 = DIRECTION('',(0.,0.,-1.));
#2282 = ORIENTED_EDGE('',*,*,#2283,.F.);
#2283 = EDGE_CURVE('',#2224,#2275,#2284,.T.);
#2284 = LINE('',#2285,#2286);
#2285 = CARTESIAN_POINT('',(0.749586326476,0.,-3.708692621419));
#2286 = VECTOR('',#2287,1.);
#2287 = DIRECTION('',(0.400141594399,0.,0.916453329107));
#2288 = FACE_BOUND('',#2289,.T.);
#2289 = EDGE_LOOP('',(#2290,#2291,#2292,#2293,#2294,#2295,#2296,#2297));
#2290 = ORIENTED_EDGE('',*,*,#2034,.T.);
#2291 = ORIENTED_EDGE('',*,*,#2066,.T.);
#2292 = ORIENTED_EDGE('',*,*,#2090,.T.);
#2293 = ORIENTED_EDGE('',*,*,#2115,.T.);
#2294 = ORIENTED_EDGE('',*,*,#2139,.T.);
#2295 = ORIENTED_EDGE('',*,*,#2164,.T.);
#2296 = ORIENTED_EDGE('',*,*,#2188,.T.);
#2297 = ORIENTED_EDGE('',*,*,#2206,.T.);
#2298 = PLANE('',#2299);
#2299 = AXIS2_PLACEMENT_3D('',#2300,#2301,#2302);
#2300 = CARTESIAN_POINT('',(-1.24,0.,-2.84));
#2301 = DIRECTION('',(0.,-1.,0.));
#2302 = DIRECTION('',(0.,-0.,-1.));
#2303 = ADVANCED_FACE('',(#2304),#2320,.F.);
#2304 = FACE_BOUND('',#2305,.F.);
#2305 = EDGE_LOOP('',(#2306,#2312,#2313,#2319));
#2306 = ORIENTED_EDGE('',*,*,#2307,.F.);
#2307 = EDGE_CURVE('',#1498,#2222,#2308,.T.);
#2308 = LINE('',#2309,#2310);
#2309 = CARTESIAN_POINT('',(-1.24,1.E-02,-5.010963063023));
#2310 = VECTOR('',#2311,1.);
#2311 = DIRECTION('',(-0.,-1.,-0.));
#2312 = ORIENTED_EDGE('',*,*,#1497,.T.);
#2313 = ORIENTED_EDGE('',*,*,#2314,.T.);
#2314 = EDGE_CURVE('',#1500,#2224,#2315,.T.);
#2315 = LINE('',#2316,#2317);
#2316 = CARTESIAN_POINT('',(0.749586326476,1.E-02,-3.708692621419));
#2317 = VECTOR('',#2318,1.);
#2318 = DIRECTION('',(-0.,-1.,-0.));
#2319 = ORIENTED_EDGE('',*,*,#2221,.F.);
#2320 = CYLINDRICAL_SURFACE('',#2321,2.170963063023);
#2321 = AXIS2_PLACEMENT_3D('',#2322,#2323,#2324);
#2322 = CARTESIAN_POINT('',(-1.24,1.E-02,-2.84));
#2323 = DIRECTION('',(-0.,-1.,-0.));
#2324 = DIRECTION('',(0.,0.,-1.));
#2325 = ADVANCED_FACE('',(#2326),#2337,.F.);
#2326 = FACE_BOUND('',#2327,.T.);
#2327 = EDGE_LOOP('',(#2328,#2329,#2330,#2331));
#2328 = ORIENTED_EDGE('',*,*,#2232,.T.);
#2329 = ORIENTED_EDGE('',*,*,#2307,.F.);
#2330 = ORIENTED_EDGE('',*,*,#1559,.F.);
#2331 = ORIENTED_EDGE('',*,*,#2332,.T.);
#2332 = EDGE_CURVE('',#1551,#2233,#2333,.T.);
#2333 = LINE('',#2334,#2335);
#2334 = CARTESIAN_POINT('',(-9.55,1.E-02,-5.010963063023));
#2335 = VECTOR('',#2336,1.);
#2336 = DIRECTION('',(-0.,-1.,-0.));
#2337 = PLANE('',#2338);
#2338 = AXIS2_PLACEMENT_3D('',#2339,#2340,#2341);
#2339 = CARTESIAN_POINT('',(-9.55,1.E-02,-5.010963063023));
#2340 = DIRECTION('',(0.,0.,-1.));
#2341 = DIRECTION('',(-1.,0.,-0.));
#2342 = ADVANCED_FACE('',(#2343),#2354,.F.);
#2343 = FACE_BOUND('',#2344,.F.);
#2344 = EDGE_LOOP('',(#2345,#2351,#2352,#2353));
#2345 = ORIENTED_EDGE('',*,*,#2346,.F.);
#2346 = EDGE_CURVE('',#1543,#2241,#2347,.T.);
#2347 = LINE('',#2348,#2349);
#2348 = CARTESIAN_POINT('',(-11.53958632647,1.E-02,-3.708692621419));
#2349 = VECTOR('',#2350,1.);
#2350 = DIRECTION('',(-0.,-1.,-0.));
#2351 = ORIENTED_EDGE('',*,*,#1550,.T.);
#2352 = ORIENTED_EDGE('',*,*,#2332,.T.);
#2353 = ORIENTED_EDGE('',*,*,#2240,.F.);
#2354 = CYLINDRICAL_SURFACE('',#2355,2.170963063023);
#2355 = AXIS2_PLACEMENT_3D('',#2356,#2357,#2358);
#2356 = CARTESIAN_POINT('',(-9.55,1.E-02,-2.84));
#2357 = DIRECTION('',(-0.,-1.,-0.));
#2358 = DIRECTION('',(0.,0.,-1.));
#2359 = ADVANCED_FACE('',(#2360),#2371,.F.);
#2360 = FACE_BOUND('',#2361,.T.);
#2361 = EDGE_LOOP('',(#2362,#2363,#2364,#2365));
#2362 = ORIENTED_EDGE('',*,*,#2249,.T.);
#2363 = ORIENTED_EDGE('',*,*,#2346,.F.);
#2364 = ORIENTED_EDGE('',*,*,#1542,.F.);
#2365 = ORIENTED_EDGE('',*,*,#2366,.T.);
#2366 = EDGE_CURVE('',#1534,#2250,#2367,.T.);
#2367 = LINE('',#2368,#2369);
#2368 = CARTESIAN_POINT('',(-12.77958632647,1.E-02,-0.868692621419));
#2369 = VECTOR('',#2370,1.);
#2370 = DIRECTION('',(-0.,-1.,-0.));
#2371 = PLANE('',#2372);
#2372 = AXIS2_PLACEMENT_3D('',#2373,#2374,#2375);
#2373 = CARTESIAN_POINT('',(-12.77958632647,1.E-02,-0.868692621419));
#2374 = DIRECTION('',(-0.916453329107,0.,-0.400141594399));
#2375 = DIRECTION('',(-0.400141594399,0.,0.916453329107));
#2376 = ADVANCED_FACE('',(#2377),#2388,.F.);
#2377 = FACE_BOUND('',#2378,.F.);
#2378 = EDGE_LOOP('',(#2379,#2385,#2386,#2387));
#2379 = ORIENTED_EDGE('',*,*,#2380,.F.);
#2380 = EDGE_CURVE('',#1526,#2258,#2381,.T.);
#2381 = LINE('',#2382,#2383);
#2382 = CARTESIAN_POINT('',(-10.79,1.E-02,2.170963063023));
#2383 = VECTOR('',#2384,1.);
#2384 = DIRECTION('',(-0.,-1.,-0.));
#2385 = ORIENTED_EDGE('',*,*,#1533,.T.);
#2386 = ORIENTED_EDGE('',*,*,#2366,.T.);
#2387 = ORIENTED_EDGE('',*,*,#2257,.F.);
#2388 = CYLINDRICAL_SURFACE('',#2389,2.170963063023);
#2389 = AXIS2_PLACEMENT_3D('',#2390,#2391,#2392);
#2390 = CARTESIAN_POINT('',(-10.79,1.E-02,-1.321350255774E-15));
#2391 = DIRECTION('',(-0.,-1.,-0.));
#2392 = DIRECTION('',(0.,0.,-1.));
#2393 = ADVANCED_FACE('',(#2394),#2405,.F.);
#2394 = FACE_BOUND('',#2395,.T.);
#2395 = EDGE_LOOP('',(#2396,#2397,#2398,#2399));
#2396 = ORIENTED_EDGE('',*,*,#2266,.T.);
#2397 = ORIENTED_EDGE('',*,*,#2380,.F.);
#2398 = ORIENTED_EDGE('',*,*,#1525,.F.);
#2399 = ORIENTED_EDGE('',*,*,#2400,.T.);
#2400 = EDGE_CURVE('',#1517,#2267,#2401,.T.);
#2401 = LINE('',#2402,#2403);
#2402 = CARTESIAN_POINT('',(4.205522572412E-15,1.E-02,2.170963063023));
#2403 = VECTOR('',#2404,1.);
#2404 = DIRECTION('',(-0.,-1.,-0.));
#2405 = PLANE('',#2406);
#2406 = AXIS2_PLACEMENT_3D('',#2407,#2408,#2409);
#2407 = CARTESIAN_POINT('',(4.205522572412E-15,1.E-02,2.170963063023));
#2408 = DIRECTION('',(-1.20578554864E-16,0.,1.));
#2409 = DIRECTION('',(1.,0.,1.20578554864E-16));
#2410 = ADVANCED_FACE('',(#2411),#2422,.F.);
#2411 = FACE_BOUND('',#2412,.F.);
#2412 = EDGE_LOOP('',(#2413,#2419,#2420,#2421));
#2413 = ORIENTED_EDGE('',*,*,#2414,.F.);
#2414 = EDGE_CURVE('',#1509,#2275,#2415,.T.);
#2415 = LINE('',#2416,#2417);
#2416 = CARTESIAN_POINT('',(1.989586326476,1.E-02,-0.868692621419));
#2417 = VECTOR('',#2418,1.);
#2418 = DIRECTION('',(-0.,-1.,-0.));
#2419 = ORIENTED_EDGE('',*,*,#1516,.T.);
#2420 = ORIENTED_EDGE('',*,*,#2400,.T.);
#2421 = ORIENTED_EDGE('',*,*,#2274,.F.);
#2422 = CYLINDRICAL_SURFACE('',#2423,2.170963063023);
#2423 = AXIS2_PLACEMENT_3D('',#2424,#2425,#2426);
#2424 = CARTESIAN_POINT('',(0.,1.E-02,0.));
#2425 = DIRECTION('',(-0.,-1.,-0.));
#2426 = DIRECTION('',(0.,0.,-1.));
#2427 = ADVANCED_FACE('',(#2428),#2434,.F.);
#2428 = FACE_BOUND('',#2429,.T.);
#2429 = EDGE_LOOP('',(#2430,#2431,#2432,#2433));
#2430 = ORIENTED_EDGE('',*,*,#2283,.T.);
#2431 = ORIENTED_EDGE('',*,*,#2414,.F.);
#2432 = ORIENTED_EDGE('',*,*,#1508,.F.);
#2433 = ORIENTED_EDGE('',*,*,#2314,.T.);
#2434 = PLANE('',#2435);
#2435 = AXIS2_PLACEMENT_3D('',#2436,#2437,#2438);
#2436 = CARTESIAN_POINT('',(0.749586326476,1.E-02,-3.708692621419));
#2437 = DIRECTION('',(0.916453329107,0.,-0.400141594399));
#2438 = DIRECTION('',(-0.400141594399,0.,-0.916453329107));
#2439 = ADVANCED_FACE('',(#2440),#2452,.T.);
#2440 = FACE_BOUND('',#2441,.T.);
#2441 = EDGE_LOOP('',(#2442,#2443,#2450,#2451));
#2442 = ORIENTED_EDGE('',*,*,#917,.F.);
#2443 = ORIENTED_EDGE('',*,*,#2444,.F.);
#2444 = EDGE_CURVE('',#935,#907,#2445,.T.);
#2445 = CIRCLE('',#2446,0.5);
#2446 = AXIS2_PLACEMENT_3D('',#2447,#2448,#2449);
#2447 = CARTESIAN_POINT('',(0.,-2.99,0.));
#2448 = DIRECTION('',(0.,-1.,0.));
#2449 = DIRECTION('',(0.,0.,-1.));
#2450 = ORIENTED_EDGE('',*,*,#934,.T.);
#2451 = ORIENTED_EDGE('',*,*,#1567,.T.);
#2452 = CYLINDRICAL_SURFACE('',#2453,0.5);
#2453 = AXIS2_PLACEMENT_3D('',#2454,#2455,#2456);
#2454 = CARTESIAN_POINT('',(0.,-2.99,0.));
#2455 = DIRECTION('',(-0.,1.,-0.));
#2456 = DIRECTION('',(0.,0.,1.));
#2457 = ADVANCED_FACE('',(#2458),#2476,.T.);
#2458 = FACE_BOUND('',#2459,.T.);
#2459 = EDGE_LOOP('',(#2460,#2461,#2462,#2474,#2475));
#2460 = ORIENTED_EDGE('',*,*,#2444,.T.);
#2461 = ORIENTED_EDGE('',*,*,#906,.T.);
#2462 = ORIENTED_EDGE('',*,*,#2463,.F.);
#2463 = EDGE_CURVE('',#2464,#909,#2466,.T.);
#2464 = VERTEX_POINT('',#2465);
#2465 = CARTESIAN_POINT('',(3.061616997868E-17,-3.49,0.));
#2466 = B_SPLINE_CURVE_WITH_KNOTS('',6,(#2467,#2468,#2469,#2470,#2471,
    #2472,#2473),.UNSPECIFIED.,.F.,.F.,(7,7),(-1.570796326795,0.),
  .PIECEWISE_BEZIER_KNOTS.);
#2467 = CARTESIAN_POINT('',(1.110223024625E-16,-3.49,-1.232595164408E-32
    ));
#2468 = CARTESIAN_POINT('',(0.1308996939,-3.49,3.20611782287E-17));
#2469 = CARTESIAN_POINT('',(0.261788250353,-3.44888615699,
    6.411962856973E-17));
#2470 = CARTESIAN_POINT('',(0.37659507482,-3.36659507482,
    9.223919059062E-17));
#2471 = CARTESIAN_POINT('',(0.45888615699,-3.251788250353,
    1.123946926661E-16));
#2472 = CARTESIAN_POINT('',(0.5,-3.1208996939,1.224646799147E-16));
#2473 = CARTESIAN_POINT('',(0.5,-2.99,1.224646799147E-16));
#2474 = ORIENTED_EDGE('',*,*,#2463,.T.);
#2475 = ORIENTED_EDGE('',*,*,#942,.T.);
#2476 = SPHERICAL_SURFACE('',#2477,0.5);
#2477 = AXIS2_PLACEMENT_3D('',#2478,#2479,#2480);
#2478 = CARTESIAN_POINT('',(0.,-2.99,0.));
#2479 = DIRECTION('',(0.,1.,0.));
#2480 = DIRECTION('',(1.,0.,0.));
#2481 = ADVANCED_FACE('',(#2482),#2494,.T.);
#2482 = FACE_BOUND('',#2483,.T.);
#2483 = EDGE_LOOP('',(#2484,#2485,#2492,#2493));
#2484 = ORIENTED_EDGE('',*,*,#866,.F.);
#2485 = ORIENTED_EDGE('',*,*,#2486,.F.);
#2486 = EDGE_CURVE('',#884,#856,#2487,.T.);
#2487 = CIRCLE('',#2488,0.5);
#2488 = AXIS2_PLACEMENT_3D('',#2489,#2490,#2491);
#2489 = CARTESIAN_POINT('',(-2.77,-2.99,0.));
#2490 = DIRECTION('',(0.,-1.,0.));
#2491 = DIRECTION('',(0.,0.,-1.));
#2492 = ORIENTED_EDGE('',*,*,#883,.T.);
#2493 = ORIENTED_EDGE('',*,*,#1487,.T.);
#2494 = CYLINDRICAL_SURFACE('',#2495,0.5);
#2495 = AXIS2_PLACEMENT_3D('',#2496,#2497,#2498);
#2496 = CARTESIAN_POINT('',(-2.77,-2.99,0.));
#2497 = DIRECTION('',(-0.,1.,-0.));
#2498 = DIRECTION('',(0.,0.,1.));
#2499 = ADVANCED_FACE('',(#2500),#2518,.T.);
#2500 = FACE_BOUND('',#2501,.T.);
#2501 = EDGE_LOOP('',(#2502,#2503,#2504,#2516,#2517));
#2502 = ORIENTED_EDGE('',*,*,#2486,.T.);
#2503 = ORIENTED_EDGE('',*,*,#855,.T.);
#2504 = ORIENTED_EDGE('',*,*,#2505,.F.);
#2505 = EDGE_CURVE('',#2506,#858,#2508,.T.);
#2506 = VERTEX_POINT('',#2507);
#2507 = CARTESIAN_POINT('',(-2.77,-3.49,0.));
#2508 = B_SPLINE_CURVE_WITH_KNOTS('',6,(#2509,#2510,#2511,#2512,#2513,
    #2514,#2515),.UNSPECIFIED.,.F.,.F.,(7,7),(-1.570796326795,0.),
  .PIECEWISE_BEZIER_KNOTS.);
#2509 = CARTESIAN_POINT('',(-2.77,-3.49,-1.232595164408E-32));
#2510 = CARTESIAN_POINT('',(-2.6391003061,-3.49,3.20611782287E-17));
#2511 = CARTESIAN_POINT('',(-2.508211749647,-3.44888615699,
    6.411962856973E-17));
#2512 = CARTESIAN_POINT('',(-2.39340492518,-3.36659507482,
    9.223919059062E-17));
#2513 = CARTESIAN_POINT('',(-2.31111384301,-3.251788250353,
    1.123946926661E-16));
#2514 = CARTESIAN_POINT('',(-2.27,-3.1208996939,1.224646799147E-16));
#2515 = CARTESIAN_POINT('',(-2.27,-2.99,1.224646799147E-16));
#2516 = ORIENTED_EDGE('',*,*,#2505,.T.);
#2517 = ORIENTED_EDGE('',*,*,#891,.T.);
#2518 = SPHERICAL_SURFACE('',#2519,0.5);
#2519 = AXIS2_PLACEMENT_3D('',#2520,#2521,#2522);
#2520 = CARTESIAN_POINT('',(-2.77,-2.99,0.));
#2521 = DIRECTION('',(0.,1.,0.));
#2522 = DIRECTION('',(1.,0.,0.));
#2523 = ADVANCED_FACE('',(#2524),#2536,.T.);
#2524 = FACE_BOUND('',#2525,.T.);
#2525 = EDGE_LOOP('',(#2526,#2527,#2534,#2535));
#2526 = ORIENTED_EDGE('',*,*,#815,.F.);
#2527 = ORIENTED_EDGE('',*,*,#2528,.F.);
#2528 = EDGE_CURVE('',#833,#805,#2529,.T.);
#2529 = CIRCLE('',#2530,0.5);
#2530 = AXIS2_PLACEMENT_3D('',#2531,#2532,#2533);
#2531 = CARTESIAN_POINT('',(-5.54,-2.99,0.));
#2532 = DIRECTION('',(0.,-1.,0.));
#2533 = DIRECTION('',(0.,0.,-1.));
#2534 = ORIENTED_EDGE('',*,*,#832,.T.);
#2535 = ORIENTED_EDGE('',*,*,#1577,.T.);
#2536 = CYLINDRICAL_SURFACE('',#2537,0.5);
#2537 = AXIS2_PLACEMENT_3D('',#2538,#2539,#2540);
#2538 = CARTESIAN_POINT('',(-5.54,-2.99,0.));
#2539 = DIRECTION('',(-0.,1.,-0.));
#2540 = DIRECTION('',(0.,0.,1.));
#2541 = ADVANCED_FACE('',(#2542),#2560,.T.);
#2542 = FACE_BOUND('',#2543,.T.);
#2543 = EDGE_LOOP('',(#2544,#2545,#2546,#2558,#2559));
#2544 = ORIENTED_EDGE('',*,*,#2528,.T.);
#2545 = ORIENTED_EDGE('',*,*,#804,.T.);
#2546 = ORIENTED_EDGE('',*,*,#2547,.F.);
#2547 = EDGE_CURVE('',#2548,#807,#2550,.T.);
#2548 = VERTEX_POINT('',#2549);
#2549 = CARTESIAN_POINT('',(-5.54,-3.49,0.));
#2550 = B_SPLINE_CURVE_WITH_KNOTS('',6,(#2551,#2552,#2553,#2554,#2555,
    #2556,#2557),.UNSPECIFIED.,.F.,.F.,(7,7),(-1.570796326795,0.),
  .PIECEWISE_BEZIER_KNOTS.);
#2551 = CARTESIAN_POINT('',(-5.54,-3.49,-1.232595164408E-32));
#2552 = CARTESIAN_POINT('',(-5.4091003061,-3.49,3.20611782287E-17));
#2553 = CARTESIAN_POINT('',(-5.278211749647,-3.44888615699,
    6.411962856973E-17));
#2554 = CARTESIAN_POINT('',(-5.16340492518,-3.36659507482,
    9.223919059062E-17));
#2555 = CARTESIAN_POINT('',(-5.08111384301,-3.251788250353,
    1.123946926661E-16));
#2556 = CARTESIAN_POINT('',(-5.04,-3.1208996939,1.224646799147E-16));
#2557 = CARTESIAN_POINT('',(-5.04,-2.99,1.224646799147E-16));
#2558 = ORIENTED_EDGE('',*,*,#2547,.T.);
#2559 = ORIENTED_EDGE('',*,*,#840,.T.);
#2560 = SPHERICAL_SURFACE('',#2561,0.5);
#2561 = AXIS2_PLACEMENT_3D('',#2562,#2563,#2564);
#2562 = CARTESIAN_POINT('',(-5.54,-2.99,0.));
#2563 = DIRECTION('',(0.,1.,0.));
#2564 = DIRECTION('',(1.,0.,0.));
#2565 = ADVANCED_FACE('',(#2566),#2578,.T.);
#2566 = FACE_BOUND('',#2567,.T.);
#2567 = EDGE_LOOP('',(#2568,#2569,#2576,#2577));
#2568 = ORIENTED_EDGE('',*,*,#764,.F.);
#2569 = ORIENTED_EDGE('',*,*,#2570,.F.);
#2570 = EDGE_CURVE('',#782,#754,#2571,.T.);
#2571 = CIRCLE('',#2572,0.5);
#2572 = AXIS2_PLACEMENT_3D('',#2573,#2574,#2575);
#2573 = CARTESIAN_POINT('',(-8.31,-2.99,0.));
#2574 = DIRECTION('',(0.,-1.,0.));
#2575 = DIRECTION('',(0.,0.,-1.));
#2576 = ORIENTED_EDGE('',*,*,#781,.T.);
#2577 = ORIENTED_EDGE('',*,*,#1477,.T.);
#2578 = CYLINDRICAL_SURFACE('',#2579,0.5);
#2579 = AXIS2_PLACEMENT_3D('',#2580,#2581,#2582);
#2580 = CARTESIAN_POINT('',(-8.31,-2.99,0.));
#2581 = DIRECTION('',(-0.,1.,-0.));
#2582 = DIRECTION('',(0.,0.,1.));
#2583 = ADVANCED_FACE('',(#2584),#2602,.T.);
#2584 = FACE_BOUND('',#2585,.T.);
#2585 = EDGE_LOOP('',(#2586,#2587,#2588,#2600,#2601));
#2586 = ORIENTED_EDGE('',*,*,#2570,.T.);
#2587 = ORIENTED_EDGE('',*,*,#753,.T.);
#2588 = ORIENTED_EDGE('',*,*,#2589,.F.);
#2589 = EDGE_CURVE('',#2590,#756,#2592,.T.);
#2590 = VERTEX_POINT('',#2591);
#2591 = CARTESIAN_POINT('',(-8.31,-3.49,0.));
#2592 = B_SPLINE_CURVE_WITH_KNOTS('',6,(#2593,#2594,#2595,#2596,#2597,
    #2598,#2599),.UNSPECIFIED.,.F.,.F.,(7,7),(-1.570796326795,0.),
  .PIECEWISE_BEZIER_KNOTS.);
#2593 = CARTESIAN_POINT('',(-8.31,-3.49,-1.232595164408E-32));
#2594 = CARTESIAN_POINT('',(-8.1791003061,-3.49,3.20611782287E-17));
#2595 = CARTESIAN_POINT('',(-8.048211749647,-3.44888615699,
    6.411962856973E-17));
#2596 = CARTESIAN_POINT('',(-7.93340492518,-3.36659507482,
    9.223919059062E-17));
#2597 = CARTESIAN_POINT('',(-7.85111384301,-3.251788250353,
    1.123946926661E-16));
#2598 = CARTESIAN_POINT('',(-7.81,-3.1208996939,1.224646799147E-16));
#2599 = CARTESIAN_POINT('',(-7.81,-2.99,1.224646799147E-16));
#2600 = ORIENTED_EDGE('',*,*,#2589,.T.);
#2601 = ORIENTED_EDGE('',*,*,#789,.T.);
#2602 = SPHERICAL_SURFACE('',#2603,0.5);
#2603 = AXIS2_PLACEMENT_3D('',#2604,#2605,#2606);
#2604 = CARTESIAN_POINT('',(-8.31,-2.99,0.));
#2605 = DIRECTION('',(0.,1.,0.));
#2606 = DIRECTION('',(1.,0.,0.));
#2607 = ADVANCED_FACE('',(#2608),#2620,.T.);
#2608 = FACE_BOUND('',#2609,.T.);
#2609 = EDGE_LOOP('',(#2610,#2611,#2618,#2619));
#2610 = ORIENTED_EDGE('',*,*,#713,.F.);
#2611 = ORIENTED_EDGE('',*,*,#2612,.F.);
#2612 = EDGE_CURVE('',#731,#703,#2613,.T.);
#2613 = CIRCLE('',#2614,0.5);
#2614 = AXIS2_PLACEMENT_3D('',#2615,#2616,#2617);
#2615 = CARTESIAN_POINT('',(-11.08,-2.99,0.));
#2616 = DIRECTION('',(0.,-1.,0.));
#2617 = DIRECTION('',(0.,0.,-1.));
#2618 = ORIENTED_EDGE('',*,*,#730,.T.);
#2619 = ORIENTED_EDGE('',*,*,#1587,.T.);
#2620 = CYLINDRICAL_SURFACE('',#2621,0.5);
#2621 = AXIS2_PLACEMENT_3D('',#2622,#2623,#2624);
#2622 = CARTESIAN_POINT('',(-11.08,-2.99,0.));
#2623 = DIRECTION('',(-0.,1.,-0.));
#2624 = DIRECTION('',(0.,0.,1.));
#2625 = ADVANCED_FACE('',(#2626),#2644,.T.);
#2626 = FACE_BOUND('',#2627,.T.);
#2627 = EDGE_LOOP('',(#2628,#2629,#2630,#2642,#2643));
#2628 = ORIENTED_EDGE('',*,*,#2612,.T.);
#2629 = ORIENTED_EDGE('',*,*,#702,.T.);
#2630 = ORIENTED_EDGE('',*,*,#2631,.F.);
#2631 = EDGE_CURVE('',#2632,#705,#2634,.T.);
#2632 = VERTEX_POINT('',#2633);
#2633 = CARTESIAN_POINT('',(-11.08,-3.49,0.));
#2634 = B_SPLINE_CURVE_WITH_KNOTS('',6,(#2635,#2636,#2637,#2638,#2639,
    #2640,#2641),.UNSPECIFIED.,.F.,.F.,(7,7),(-1.570796326795,0.),
  .PIECEWISE_BEZIER_KNOTS.);
#2635 = CARTESIAN_POINT('',(-11.08,-3.49,-1.232595164408E-32));
#2636 = CARTESIAN_POINT('',(-10.9491003061,-3.49,3.20611782287E-17));
#2637 = CARTESIAN_POINT('',(-10.81821174964,-3.44888615699,
    6.411962856973E-17));
#2638 = CARTESIAN_POINT('',(-10.70340492518,-3.36659507482,
    9.223919059062E-17));
#2639 = CARTESIAN_POINT('',(-10.62111384301,-3.251788250353,
    1.123946926661E-16));
#2640 = CARTESIAN_POINT('',(-10.58,-3.1208996939,1.224646799147E-16));
#2641 = CARTESIAN_POINT('',(-10.58,-2.99,1.224646799147E-16));
#2642 = ORIENTED_EDGE('',*,*,#2631,.T.);
#2643 = ORIENTED_EDGE('',*,*,#738,.T.);
#2644 = SPHERICAL_SURFACE('',#2645,0.5);
#2645 = AXIS2_PLACEMENT_3D('',#2646,#2647,#2648);
#2646 = CARTESIAN_POINT('',(-11.08,-2.99,0.));
#2647 = DIRECTION('',(0.,1.,0.));
#2648 = DIRECTION('',(1.,0.,0.));
#2649 = ADVANCED_FACE('',(#2650),#2662,.T.);
#2650 = FACE_BOUND('',#2651,.T.);
#2651 = EDGE_LOOP('',(#2652,#2653,#2660,#2661));
#2652 = ORIENTED_EDGE('',*,*,#662,.F.);
#2653 = ORIENTED_EDGE('',*,*,#2654,.F.);
#2654 = EDGE_CURVE('',#680,#652,#2655,.T.);
#2655 = CIRCLE('',#2656,0.5);
#2656 = AXIS2_PLACEMENT_3D('',#2657,#2658,#2659);
#2657 = CARTESIAN_POINT('',(-1.385,-2.99,-2.84));
#2658 = DIRECTION('',(0.,-1.,0.));
#2659 = DIRECTION('',(0.,0.,-1.));
#2660 = ORIENTED_EDGE('',*,*,#679,.T.);
#2661 = ORIENTED_EDGE('',*,*,#1467,.T.);
#2662 = CYLINDRICAL_SURFACE('',#2663,0.5);
#2663 = AXIS2_PLACEMENT_3D('',#2664,#2665,#2666);
#2664 = CARTESIAN_POINT('',(-1.385,-2.99,-2.84));
#2665 = DIRECTION('',(-0.,1.,-0.));
#2666 = DIRECTION('',(0.,0.,1.));
#2667 = ADVANCED_FACE('',(#2668),#2686,.T.);
#2668 = FACE_BOUND('',#2669,.T.);
#2669 = EDGE_LOOP('',(#2670,#2671,#2672,#2684,#2685));
#2670 = ORIENTED_EDGE('',*,*,#2654,.T.);
#2671 = ORIENTED_EDGE('',*,*,#651,.T.);
#2672 = ORIENTED_EDGE('',*,*,#2673,.F.);
#2673 = EDGE_CURVE('',#2674,#654,#2676,.T.);
#2674 = VERTEX_POINT('',#2675);
#2675 = CARTESIAN_POINT('',(-1.385,-3.49,-2.84));
#2676 = B_SPLINE_CURVE_WITH_KNOTS('',6,(#2677,#2678,#2679,#2680,#2681,
    #2682,#2683),.UNSPECIFIED.,.F.,.F.,(7,7),(-1.570796326795,0.),
  .PIECEWISE_BEZIER_KNOTS.);
#2677 = CARTESIAN_POINT('',(-1.385,-3.49,-2.84));
#2678 = CARTESIAN_POINT('',(-1.2541003061,-3.49,-2.84));
#2679 = CARTESIAN_POINT('',(-1.123211749647,-3.44888615699,-2.84));
#2680 = CARTESIAN_POINT('',(-1.00840492518,-3.36659507482,-2.84));
#2681 = CARTESIAN_POINT('',(-0.92611384301,-3.251788250353,-2.84));
#2682 = CARTESIAN_POINT('',(-0.885,-3.1208996939,-2.84));
#2683 = CARTESIAN_POINT('',(-0.885,-2.99,-2.84));
#2684 = ORIENTED_EDGE('',*,*,#2673,.T.);
#2685 = ORIENTED_EDGE('',*,*,#687,.T.);
#2686 = SPHERICAL_SURFACE('',#2687,0.5);
#2687 = AXIS2_PLACEMENT_3D('',#2688,#2689,#2690);
#2688 = CARTESIAN_POINT('',(-1.385,-2.99,-2.84));
#2689 = DIRECTION('',(0.,1.,0.));
#2690 = DIRECTION('',(1.,0.,0.));
#2691 = ADVANCED_FACE('',(#2692),#2704,.T.);
#2692 = FACE_BOUND('',#2693,.T.);
#2693 = EDGE_LOOP('',(#2694,#2695,#2702,#2703));
#2694 = ORIENTED_EDGE('',*,*,#611,.F.);
#2695 = ORIENTED_EDGE('',*,*,#2696,.F.);
#2696 = EDGE_CURVE('',#629,#601,#2697,.T.);
#2697 = CIRCLE('',#2698,0.5);
#2698 = AXIS2_PLACEMENT_3D('',#2699,#2700,#2701);
#2699 = CARTESIAN_POINT('',(-4.155,-2.99,-2.84));
#2700 = DIRECTION('',(0.,-1.,0.));
#2701 = DIRECTION('',(0.,0.,-1.));
#2702 = ORIENTED_EDGE('',*,*,#628,.T.);
#2703 = ORIENTED_EDGE('',*,*,#1597,.T.);
#2704 = CYLINDRICAL_SURFACE('',#2705,0.5);
#2705 = AXIS2_PLACEMENT_3D('',#2706,#2707,#2708);
#2706 = CARTESIAN_POINT('',(-4.155,-2.99,-2.84));
#2707 = DIRECTION('',(-0.,1.,-0.));
#2708 = DIRECTION('',(0.,0.,1.));
#2709 = ADVANCED_FACE('',(#2710),#2728,.T.);
#2710 = FACE_BOUND('',#2711,.T.);
#2711 = EDGE_LOOP('',(#2712,#2713,#2714,#2726,#2727));
#2712 = ORIENTED_EDGE('',*,*,#2696,.T.);
#2713 = ORIENTED_EDGE('',*,*,#600,.T.);
#2714 = ORIENTED_EDGE('',*,*,#2715,.F.);
#2715 = EDGE_CURVE('',#2716,#603,#2718,.T.);
#2716 = VERTEX_POINT('',#2717);
#2717 = CARTESIAN_POINT('',(-4.155,-3.49,-2.84));
#2718 = B_SPLINE_CURVE_WITH_KNOTS('',6,(#2719,#2720,#2721,#2722,#2723,
    #2724,#2725),.UNSPECIFIED.,.F.,.F.,(7,7),(-1.570796326795,0.),
  .PIECEWISE_BEZIER_KNOTS.);
#2719 = CARTESIAN_POINT('',(-4.155,-3.49,-2.84));
#2720 = CARTESIAN_POINT('',(-4.0241003061,-3.49,-2.84));
#2721 = CARTESIAN_POINT('',(-3.893211749647,-3.44888615699,-2.84));
#2722 = CARTESIAN_POINT('',(-3.77840492518,-3.36659507482,-2.84));
#2723 = CARTESIAN_POINT('',(-3.69611384301,-3.251788250353,-2.84));
#2724 = CARTESIAN_POINT('',(-3.655,-3.1208996939,-2.84));
#2725 = CARTESIAN_POINT('',(-3.655,-2.99,-2.84));
#2726 = ORIENTED_EDGE('',*,*,#2715,.T.);
#2727 = ORIENTED_EDGE('',*,*,#636,.T.);
#2728 = SPHERICAL_SURFACE('',#2729,0.5);
#2729 = AXIS2_PLACEMENT_3D('',#2730,#2731,#2732);
#2730 = CARTESIAN_POINT('',(-4.155,-2.99,-2.84));
#2731 = DIRECTION('',(0.,1.,0.));
#2732 = DIRECTION('',(1.,0.,0.));
#2733 = ADVANCED_FACE('',(#2734),#2746,.T.);
#2734 = FACE_BOUND('',#2735,.T.);
#2735 = EDGE_LOOP('',(#2736,#2737,#2744,#2745));
#2736 = ORIENTED_EDGE('',*,*,#560,.F.);
#2737 = ORIENTED_EDGE('',*,*,#2738,.F.);
#2738 = EDGE_CURVE('',#578,#550,#2739,.T.);
#2739 = CIRCLE('',#2740,0.5);
#2740 = AXIS2_PLACEMENT_3D('',#2741,#2742,#2743);
#2741 = CARTESIAN_POINT('',(-6.925,-2.99,-2.84));
#2742 = DIRECTION('',(0.,-1.,0.));
#2743 = DIRECTION('',(0.,0.,-1.));
#2744 = ORIENTED_EDGE('',*,*,#577,.T.);
#2745 = ORIENTED_EDGE('',*,*,#1457,.T.);
#2746 = CYLINDRICAL_SURFACE('',#2747,0.5);
#2747 = AXIS2_PLACEMENT_3D('',#2748,#2749,#2750);
#2748 = CARTESIAN_POINT('',(-6.925,-2.99,-2.84));
#2749 = DIRECTION('',(-0.,1.,-0.));
#2750 = DIRECTION('',(0.,0.,1.));
#2751 = ADVANCED_FACE('',(#2752),#2770,.T.);
#2752 = FACE_BOUND('',#2753,.T.);
#2753 = EDGE_LOOP('',(#2754,#2755,#2756,#2768,#2769));
#2754 = ORIENTED_EDGE('',*,*,#2738,.T.);
#2755 = ORIENTED_EDGE('',*,*,#549,.T.);
#2756 = ORIENTED_EDGE('',*,*,#2757,.F.);
#2757 = EDGE_CURVE('',#2758,#552,#2760,.T.);
#2758 = VERTEX_POINT('',#2759);
#2759 = CARTESIAN_POINT('',(-6.925,-3.49,-2.84));
#2760 = B_SPLINE_CURVE_WITH_KNOTS('',6,(#2761,#2762,#2763,#2764,#2765,
    #2766,#2767),.UNSPECIFIED.,.F.,.F.,(7,7),(-1.570796326795,0.),
  .PIECEWISE_BEZIER_KNOTS.);
#2761 = CARTESIAN_POINT('',(-6.925,-3.49,-2.84));
#2762 = CARTESIAN_POINT('',(-6.7941003061,-3.49,-2.84));
#2763 = CARTESIAN_POINT('',(-6.663211749647,-3.44888615699,-2.84));
#2764 = CARTESIAN_POINT('',(-6.54840492518,-3.36659507482,-2.84));
#2765 = CARTESIAN_POINT('',(-6.46611384301,-3.251788250353,-2.84));
#2766 = CARTESIAN_POINT('',(-6.425,-3.1208996939,-2.84));
#2767 = CARTESIAN_POINT('',(-6.425,-2.99,-2.84));
#2768 = ORIENTED_EDGE('',*,*,#2757,.T.);
#2769 = ORIENTED_EDGE('',*,*,#585,.T.);
#2770 = SPHERICAL_SURFACE('',#2771,0.5);
#2771 = AXIS2_PLACEMENT_3D('',#2772,#2773,#2774);
#2772 = CARTESIAN_POINT('',(-6.925,-2.99,-2.84));
#2773 = DIRECTION('',(0.,1.,0.));
#2774 = DIRECTION('',(1.,0.,0.));
#2775 = ADVANCED_FACE('',(#2776),#2788,.T.);
#2776 = FACE_BOUND('',#2777,.T.);
#2777 = EDGE_LOOP('',(#2778,#2779,#2786,#2787));
#2778 = ORIENTED_EDGE('',*,*,#509,.F.);
#2779 = ORIENTED_EDGE('',*,*,#2780,.F.);
#2780 = EDGE_CURVE('',#527,#499,#2781,.T.);
#2781 = CIRCLE('',#2782,0.5);
#2782 = AXIS2_PLACEMENT_3D('',#2783,#2784,#2785);
#2783 = CARTESIAN_POINT('',(-9.695,-2.99,-2.84));
#2784 = DIRECTION('',(0.,-1.,0.));
#2785 = DIRECTION('',(0.,0.,-1.));
#2786 = ORIENTED_EDGE('',*,*,#526,.T.);
#2787 = ORIENTED_EDGE('',*,*,#1607,.T.);
#2788 = CYLINDRICAL_SURFACE('',#2789,0.5);
#2789 = AXIS2_PLACEMENT_3D('',#2790,#2791,#2792);
#2790 = CARTESIAN_POINT('',(-9.695,-2.99,-2.84));
#2791 = DIRECTION('',(-0.,1.,-0.));
#2792 = DIRECTION('',(0.,0.,1.));
#2793 = ADVANCED_FACE('',(#2794),#2812,.T.);
#2794 = FACE_BOUND('',#2795,.T.);
#2795 = EDGE_LOOP('',(#2796,#2797,#2798,#2810,#2811));
#2796 = ORIENTED_EDGE('',*,*,#2780,.T.);
#2797 = ORIENTED_EDGE('',*,*,#498,.T.);
#2798 = ORIENTED_EDGE('',*,*,#2799,.F.);
#2799 = EDGE_CURVE('',#2800,#501,#2802,.T.);
#2800 = VERTEX_POINT('',#2801);
#2801 = CARTESIAN_POINT('',(-9.695,-3.49,-2.84));
#2802 = B_SPLINE_CURVE_WITH_KNOTS('',6,(#2803,#2804,#2805,#2806,#2807,
    #2808,#2809),.UNSPECIFIED.,.F.,.F.,(7,7),(-1.570796326795,0.),
  .PIECEWISE_BEZIER_KNOTS.);
#2803 = CARTESIAN_POINT('',(-9.695,-3.49,-2.84));
#2804 = CARTESIAN_POINT('',(-9.5641003061,-3.49,-2.84));
#2805 = CARTESIAN_POINT('',(-9.433211749647,-3.44888615699,-2.84));
#2806 = CARTESIAN_POINT('',(-9.31840492518,-3.36659507482,-2.84));
#2807 = CARTESIAN_POINT('',(-9.23611384301,-3.251788250353,-2.84));
#2808 = CARTESIAN_POINT('',(-9.195,-3.1208996939,-2.84));
#2809 = CARTESIAN_POINT('',(-9.195,-2.99,-2.84));
#2810 = ORIENTED_EDGE('',*,*,#2799,.T.);
#2811 = ORIENTED_EDGE('',*,*,#534,.T.);
#2812 = SPHERICAL_SURFACE('',#2813,0.5);
#2813 = AXIS2_PLACEMENT_3D('',#2814,#2815,#2816);
#2814 = CARTESIAN_POINT('',(-9.695,-2.99,-2.84));
#2815 = DIRECTION('',(0.,1.,0.));
#2816 = DIRECTION('',(1.,0.,0.));
#2817 = ADVANCED_FACE('',(#2818),#2844,.T.);
#2818 = FACE_BOUND('',#2819,.T.);
#2819 = EDGE_LOOP('',(#2820,#2821,#2829,#2838));
#2820 = ORIENTED_EDGE('',*,*,#1381,.T.);
#2821 = ORIENTED_EDGE('',*,*,#2822,.F.);
#2822 = EDGE_CURVE('',#2823,#1384,#2825,.T.);
#2823 = VERTEX_POINT('',#2824);
#2824 = CARTESIAN_POINT('',(2.664849644187,12.2,-1.299734015098));
#2825 = LINE('',#2826,#2827);
#2826 = CARTESIAN_POINT('',(3.128791954572,6.3,-1.526013799087));
#2827 = VECTOR('',#2828,1.);
#2828 = DIRECTION('',(7.833506268238E-02,-0.996194698092,
    -3.820656289754E-02));
#2829 = ORIENTED_EDGE('',*,*,#2830,.F.);
#2830 = EDGE_CURVE('',#2831,#2823,#2833,.T.);
#2831 = VERTEX_POINT('',#2832);
#2832 = CARTESIAN_POINT('',(0.,12.2,2.964916885197));
#2833 = CIRCLE('',#2834,2.964916885197);
#2834 = AXIS2_PLACEMENT_3D('',#2835,#2836,#2837);
#2835 = CARTESIAN_POINT('',(0.,12.2,0.));
#2836 = DIRECTION('',(0.,1.,0.));
#2837 = DIRECTION('',(0.,-0.,1.));
#2838 = ORIENTED_EDGE('',*,*,#2839,.T.);
#2839 = EDGE_CURVE('',#2831,#1382,#2840,.T.);
#2840 = LINE('',#2841,#2842);
#2841 = CARTESIAN_POINT('',(0.,6.3,3.4811));
#2842 = VECTOR('',#2843,1.);
#2843 = DIRECTION('',(-0.,-0.996194698092,8.715574274766E-02));
#2844 = CONICAL_SURFACE('',#2845,3.4811,8.726646259972E-02);
#2845 = AXIS2_PLACEMENT_3D('',#2846,#2847,#2848);
#2846 = CARTESIAN_POINT('',(0.,6.3,0.));
#2847 = DIRECTION('',(-0.,-1.,-0.));
#2848 = DIRECTION('',(0.,0.,1.));
#2849 = ADVANCED_FACE('',(#2850),#2868,.T.);
#2850 = FACE_BOUND('',#2851,.T.);
#2851 = EDGE_LOOP('',(#2852,#2853,#2861,#2867));
#2852 = ORIENTED_EDGE('',*,*,#1443,.T.);
#2853 = ORIENTED_EDGE('',*,*,#2854,.F.);
#2854 = EDGE_CURVE('',#2855,#1435,#2857,.T.);
#2855 = VERTEX_POINT('',#2856);
#2856 = CARTESIAN_POINT('',(1.27968909266,12.2,-4.139734015098));
#2857 = LINE('',#2858,#2859);
#2858 = CARTESIAN_POINT('',(1.743631403045,6.3,-4.366013799087));
#2859 = VECTOR('',#2860,1.);
#2860 = DIRECTION('',(7.833506268238E-02,-0.996194698092,
    -3.820656289754E-02));
#2861 = ORIENTED_EDGE('',*,*,#2862,.F.);
#2862 = EDGE_CURVE('',#2823,#2855,#2863,.T.);
#2863 = LINE('',#2864,#2865);
#2864 = CARTESIAN_POINT('',(1.27968909266,12.2,-4.139734015098));
#2865 = VECTOR('',#2866,1.);
#2866 = DIRECTION('',(-0.438371146789,0.,-0.898794046299));
#2867 = ORIENTED_EDGE('',*,*,#2822,.T.);
#2868 = PLANE('',#2869);
#2869 = AXIS2_PLACEMENT_3D('',#2870,#2871,#2872);
#2870 = CARTESIAN_POINT('',(1.743631403045,6.3,-4.366013799087));
#2871 = DIRECTION('',(0.8953738636,8.715574274766E-02,-0.436703012228));
#2872 = DIRECTION('',(-0.438371146789,6.938893903907E-18,-0.898794046299
    ));
#2873 = ADVANCED_FACE('',(#2874),#2893,.T.);
#2874 = FACE_BOUND('',#2875,.T.);
#2875 = EDGE_LOOP('',(#2876,#2877,#2885,#2892));
#2876 = ORIENTED_EDGE('',*,*,#1434,.T.);
#2877 = ORIENTED_EDGE('',*,*,#2878,.F.);
#2878 = EDGE_CURVE('',#2879,#1427,#2881,.T.);
#2879 = VERTEX_POINT('',#2880);
#2880 = CARTESIAN_POINT('',(-1.385160551527,12.2,-5.804916885197));
#2881 = LINE('',#2882,#2883);
#2882 = CARTESIAN_POINT('',(-1.385160551527,6.3,-6.3211));
#2883 = VECTOR('',#2884,1.);
#2884 = DIRECTION('',(-0.,-0.996194698092,-8.715574274766E-02));
#2885 = ORIENTED_EDGE('',*,*,#2886,.F.);
#2886 = EDGE_CURVE('',#2855,#2879,#2887,.T.);
#2887 = CIRCLE('',#2888,2.964916885197);
#2888 = AXIS2_PLACEMENT_3D('',#2889,#2890,#2891);
#2889 = CARTESIAN_POINT('',(-1.385160551527,12.2,-2.84));
#2890 = DIRECTION('',(0.,1.,0.));
#2891 = DIRECTION('',(0.,-0.,1.));
#2892 = ORIENTED_EDGE('',*,*,#2854,.T.);
#2893 = CONICAL_SURFACE('',#2894,3.4811,8.726646259972E-02);
#2894 = AXIS2_PLACEMENT_3D('',#2895,#2896,#2897);
#2895 = CARTESIAN_POINT('',(-1.385160551527,6.3,-2.84));
#2896 = DIRECTION('',(-0.,-1.,-0.));
#2897 = DIRECTION('',(0.,0.,1.));
#2898 = ADVANCED_FACE('',(#2899),#2917,.T.);
#2899 = FACE_BOUND('',#2900,.T.);
#2900 = EDGE_LOOP('',(#2901,#2902,#2910,#2916));
#2901 = ORIENTED_EDGE('',*,*,#1426,.T.);
#2902 = ORIENTED_EDGE('',*,*,#2903,.F.);
#2903 = EDGE_CURVE('',#2904,#1418,#2906,.T.);
#2904 = VERTEX_POINT('',#2905);
#2905 = CARTESIAN_POINT('',(-9.404839448473,12.2,-5.804916885197));
#2906 = LINE('',#2907,#2908);
#2907 = CARTESIAN_POINT('',(-9.404839448473,6.3,-6.3211));
#2908 = VECTOR('',#2909,1.);
#2909 = DIRECTION('',(-0.,-0.996194698092,-8.715574274766E-02));
#2910 = ORIENTED_EDGE('',*,*,#2911,.F.);
#2911 = EDGE_CURVE('',#2879,#2904,#2912,.T.);
#2912 = LINE('',#2913,#2914);
#2913 = CARTESIAN_POINT('',(-9.404839448473,12.2,-5.804916885197));
#2914 = VECTOR('',#2915,1.);
#2915 = DIRECTION('',(-1.,0.,-0.));
#2916 = ORIENTED_EDGE('',*,*,#2878,.T.);
#2917 = PLANE('',#2918);
#2918 = AXIS2_PLACEMENT_3D('',#2919,#2920,#2921);
#2919 = CARTESIAN_POINT('',(-9.404839448473,6.3,-6.3211));
#2920 = DIRECTION('',(0.,8.715574274766E-02,-0.996194698092));
#2921 = DIRECTION('',(0.,0.996194698092,8.715574274766E-02));
#2922 = ADVANCED_FACE('',(#2923),#2942,.T.);
#2923 = FACE_BOUND('',#2924,.T.);
#2924 = EDGE_LOOP('',(#2925,#2926,#2934,#2941));
#2925 = ORIENTED_EDGE('',*,*,#1417,.T.);
#2926 = ORIENTED_EDGE('',*,*,#2927,.F.);
#2927 = EDGE_CURVE('',#2928,#1410,#2930,.T.);
#2928 = VERTEX_POINT('',#2929);
#2929 = CARTESIAN_POINT('',(-12.06968909266,12.2,-4.139734015098));
#2930 = LINE('',#2931,#2932);
#2931 = CARTESIAN_POINT('',(-12.53363140304,6.3,-4.366013799087));
#2932 = VECTOR('',#2933,1.);
#2933 = DIRECTION('',(-7.833506268238E-02,-0.996194698092,
    -3.820656289754E-02));
#2934 = ORIENTED_EDGE('',*,*,#2935,.F.);
#2935 = EDGE_CURVE('',#2904,#2928,#2936,.T.);
#2936 = CIRCLE('',#2937,2.964916885197);
#2937 = AXIS2_PLACEMENT_3D('',#2938,#2939,#2940);
#2938 = CARTESIAN_POINT('',(-9.404839448473,12.2,-2.84));
#2939 = DIRECTION('',(0.,1.,0.));
#2940 = DIRECTION('',(0.,-0.,1.));
#2941 = ORIENTED_EDGE('',*,*,#2903,.T.);
#2942 = CONICAL_SURFACE('',#2943,3.4811,8.726646259972E-02);
#2943 = AXIS2_PLACEMENT_3D('',#2944,#2945,#2946);
#2944 = CARTESIAN_POINT('',(-9.404839448473,6.3,-2.84));
#2945 = DIRECTION('',(-0.,-1.,-0.));
#2946 = DIRECTION('',(0.,0.,1.));
#2947 = ADVANCED_FACE('',(#2948),#2966,.T.);
#2948 = FACE_BOUND('',#2949,.T.);
#2949 = EDGE_LOOP('',(#2950,#2951,#2959,#2965));
#2950 = ORIENTED_EDGE('',*,*,#1409,.T.);
#2951 = ORIENTED_EDGE('',*,*,#2952,.F.);
#2952 = EDGE_CURVE('',#2953,#1401,#2955,.T.);
#2953 = VERTEX_POINT('',#2954);
#2954 = CARTESIAN_POINT('',(-13.45484964418,12.2,-1.299734015098));
#2955 = LINE('',#2956,#2957);
#2956 = CARTESIAN_POINT('',(-13.91879195457,6.3,-1.526013799087));
#2957 = VECTOR('',#2958,1.);
#2958 = DIRECTION('',(-7.833506268238E-02,-0.996194698092,
    -3.820656289754E-02));
#2959 = ORIENTED_EDGE('',*,*,#2960,.F.);
#2960 = EDGE_CURVE('',#2928,#2953,#2961,.T.);
#2961 = LINE('',#2962,#2963);
#2962 = CARTESIAN_POINT('',(-13.45484964418,12.2,-1.299734015098));
#2963 = VECTOR('',#2964,1.);
#2964 = DIRECTION('',(-0.438371146789,-0.,0.898794046299));
#2965 = ORIENTED_EDGE('',*,*,#2927,.T.);
#2966 = PLANE('',#2967);
#2967 = AXIS2_PLACEMENT_3D('',#2968,#2969,#2970);
#2968 = CARTESIAN_POINT('',(-13.91879195457,6.3,-1.526013799087));
#2969 = DIRECTION('',(-0.8953738636,8.715574274766E-02,-0.436703012228)
  );
#2970 = DIRECTION('',(-0.438371146789,0.,0.898794046299));
#2971 = ADVANCED_FACE('',(#2972),#2991,.T.);
#2972 = FACE_BOUND('',#2973,.T.);
#2973 = EDGE_LOOP('',(#2974,#2975,#2983,#2990));
#2974 = ORIENTED_EDGE('',*,*,#1400,.T.);
#2975 = ORIENTED_EDGE('',*,*,#2976,.F.);
#2976 = EDGE_CURVE('',#2977,#1393,#2979,.T.);
#2977 = VERTEX_POINT('',#2978);
#2978 = CARTESIAN_POINT('',(-10.79,12.2,2.964916885197));
#2979 = LINE('',#2980,#2981);
#2980 = CARTESIAN_POINT('',(-10.79,6.3,3.4811));
#2981 = VECTOR('',#2982,1.);
#2982 = DIRECTION('',(-0.,-0.996194698092,8.715574274766E-02));
#2983 = ORIENTED_EDGE('',*,*,#2984,.F.);
#2984 = EDGE_CURVE('',#2953,#2977,#2985,.T.);
#2985 = CIRCLE('',#2986,2.964916885197);
#2986 = AXIS2_PLACEMENT_3D('',#2987,#2988,#2989);
#2987 = CARTESIAN_POINT('',(-10.79,12.2,0.));
#2988 = DIRECTION('',(0.,1.,0.));
#2989 = DIRECTION('',(0.,-0.,1.));
#2990 = ORIENTED_EDGE('',*,*,#2952,.T.);
#2991 = CONICAL_SURFACE('',#2992,3.4811,8.726646259972E-02);
#2992 = AXIS2_PLACEMENT_3D('',#2993,#2994,#2995);
#2993 = CARTESIAN_POINT('',(-10.79,6.3,0.));
#2994 = DIRECTION('',(-0.,-1.,-0.));
#2995 = DIRECTION('',(0.,0.,1.));
#2996 = ADVANCED_FACE('',(#2997),#3008,.T.);
#2997 = FACE_BOUND('',#2998,.T.);
#2998 = EDGE_LOOP('',(#2999,#3000,#3001,#3007));
#2999 = ORIENTED_EDGE('',*,*,#1392,.T.);
#3000 = ORIENTED_EDGE('',*,*,#2839,.F.);
#3001 = ORIENTED_EDGE('',*,*,#3002,.F.);
#3002 = EDGE_CURVE('',#2977,#2831,#3003,.T.);
#3003 = LINE('',#3004,#3005);
#3004 = CARTESIAN_POINT('',(0.,12.2,2.964916885197));
#3005 = VECTOR('',#3006,1.);
#3006 = DIRECTION('',(1.,-0.,-0.));
#3007 = ORIENTED_EDGE('',*,*,#2976,.T.);
#3008 = PLANE('',#3009);
#3009 = AXIS2_PLACEMENT_3D('',#3010,#3011,#3012);
#3010 = CARTESIAN_POINT('',(0.,6.3,3.4811));
#3011 = DIRECTION('',(0.,8.715574274766E-02,0.996194698092));
#3012 = DIRECTION('',(0.,-0.996194698092,8.715574274766E-02));
#3013 = ADVANCED_FACE('',(#3014,#3084),#3094,.T.);
#3014 = FACE_BOUND('',#3015,.T.);
#3015 = EDGE_LOOP('',(#3016,#3027,#3035,#3044,#3052,#3061,#3069,#3078));
#3016 = ORIENTED_EDGE('',*,*,#3017,.F.);
#3017 = EDGE_CURVE('',#3018,#3020,#3022,.T.);
#3018 = VERTEX_POINT('',#3019);
#3019 = CARTESIAN_POINT('',(-4.124700937623E-16,12.2,2.564916885197));
#3020 = VERTEX_POINT('',#3021);
#3021 = CARTESIAN_POINT('',(2.305332025667,12.2,-1.124385556382));
#3022 = CIRCLE('',#3023,2.564916885197);
#3023 = AXIS2_PLACEMENT_3D('',#3024,#3025,#3026);
#3024 = CARTESIAN_POINT('',(0.,12.2,0.));
#3025 = DIRECTION('',(0.,1.,0.));
#3026 = DIRECTION('',(0.,-0.,1.));
#3027 = ORIENTED_EDGE('',*,*,#3028,.F.);
#3028 = EDGE_CURVE('',#3029,#3018,#3031,.T.);
#3029 = VERTEX_POINT('',#3030);
#3030 = CARTESIAN_POINT('',(-10.79,12.2,2.564916885197));
#3031 = LINE('',#3032,#3033);
#3032 = CARTESIAN_POINT('',(-10.79,12.2,2.564916885197));
#3033 = VECTOR('',#3034,1.);
#3034 = DIRECTION('',(1.,0.,-1.607714064853E-16));
#3035 = ORIENTED_EDGE('',*,*,#3036,.F.);
#3036 = EDGE_CURVE('',#3037,#3029,#3039,.T.);
#3037 = VERTEX_POINT('',#3038);
#3038 = CARTESIAN_POINT('',(-13.09533202566,12.2,-1.124385556382));
#3039 = CIRCLE('',#3040,2.564916885197);
#3040 = AXIS2_PLACEMENT_3D('',#3041,#3042,#3043);
#3041 = CARTESIAN_POINT('',(-10.79,12.2,0.));
#3042 = DIRECTION('',(0.,1.,0.));
#3043 = DIRECTION('',(0.,-0.,1.));
#3044 = ORIENTED_EDGE('',*,*,#3045,.F.);
#3045 = EDGE_CURVE('',#3046,#3037,#3048,.T.);
#3046 = VERTEX_POINT('',#3047);
#3047 = CARTESIAN_POINT('',(-11.71017147414,12.2,-3.964385556382));
#3048 = LINE('',#3049,#3050);
#3049 = CARTESIAN_POINT('',(-11.71017147414,12.2,-3.964385556382));
#3050 = VECTOR('',#3051,1.);
#3051 = DIRECTION('',(-0.438371146789,0.,0.898794046299));
#3052 = ORIENTED_EDGE('',*,*,#3053,.F.);
#3053 = EDGE_CURVE('',#3054,#3046,#3056,.T.);
#3054 = VERTEX_POINT('',#3055);
#3055 = CARTESIAN_POINT('',(-9.404839448473,12.2,-5.404916885197));
#3056 = CIRCLE('',#3057,2.564916885197);
#3057 = AXIS2_PLACEMENT_3D('',#3058,#3059,#3060);
#3058 = CARTESIAN_POINT('',(-9.404839448473,12.2,-2.84));
#3059 = DIRECTION('',(0.,1.,0.));
#3060 = DIRECTION('',(0.,-0.,1.));
#3061 = ORIENTED_EDGE('',*,*,#3062,.F.);
#3062 = EDGE_CURVE('',#3063,#3054,#3065,.T.);
#3063 = VERTEX_POINT('',#3064);
#3064 = CARTESIAN_POINT('',(-1.385160551527,12.2,-5.404916885197));
#3065 = LINE('',#3066,#3067);
#3066 = CARTESIAN_POINT('',(-1.385160551527,12.2,-5.404916885197));
#3067 = VECTOR('',#3068,1.);
#3068 = DIRECTION('',(-1.,0.,-2.163083457914E-16));
#3069 = ORIENTED_EDGE('',*,*,#3070,.F.);
#3070 = EDGE_CURVE('',#3071,#3063,#3073,.T.);
#3071 = VERTEX_POINT('',#3072);
#3072 = CARTESIAN_POINT('',(0.92017147414,12.2,-3.964385556382));
#3073 = CIRCLE('',#3074,2.564916885197);
#3074 = AXIS2_PLACEMENT_3D('',#3075,#3076,#3077);
#3075 = CARTESIAN_POINT('',(-1.385160551527,12.2,-2.84));
#3076 = DIRECTION('',(0.,1.,0.));
#3077 = DIRECTION('',(0.,-0.,1.));
#3078 = ORIENTED_EDGE('',*,*,#3079,.F.);
#3079 = EDGE_CURVE('',#3020,#3071,#3080,.T.);
#3080 = LINE('',#3081,#3082);
#3081 = CARTESIAN_POINT('',(2.305332025667,12.2,-1.124385556382));
#3082 = VECTOR('',#3083,1.);
#3083 = DIRECTION('',(-0.438371146789,0.,-0.898794046299));
#3084 = FACE_BOUND('',#3085,.T.);
#3085 = EDGE_LOOP('',(#3086,#3087,#3088,#3089,#3090,#3091,#3092,#3093));
#3086 = ORIENTED_EDGE('',*,*,#2830,.T.);
#3087 = ORIENTED_EDGE('',*,*,#2862,.T.);
#3088 = ORIENTED_EDGE('',*,*,#2886,.T.);
#3089 = ORIENTED_EDGE('',*,*,#2911,.T.);
#3090 = ORIENTED_EDGE('',*,*,#2935,.T.);
#3091 = ORIENTED_EDGE('',*,*,#2960,.T.);
#3092 = ORIENTED_EDGE('',*,*,#2984,.T.);
#3093 = ORIENTED_EDGE('',*,*,#3002,.T.);
#3094 = PLANE('',#3095);
#3095 = AXIS2_PLACEMENT_3D('',#3096,#3097,#3098);
#3096 = CARTESIAN_POINT('',(0.,12.2,0.));
#3097 = DIRECTION('',(0.,1.,0.));
#3098 = DIRECTION('',(0.,-0.,1.));
#3099 = ADVANCED_FACE('',(#3100),#3116,.F.);
#3100 = FACE_BOUND('',#3101,.F.);
#3101 = EDGE_LOOP('',(#3102,#3108,#3109,#3115));
#3102 = ORIENTED_EDGE('',*,*,#3103,.F.);
#3103 = EDGE_CURVE('',#1166,#3018,#3104,.T.);
#3104 = LINE('',#3105,#3106);
#3105 = CARTESIAN_POINT('',(0.,12.2,2.564916885197));
#3106 = VECTOR('',#3107,1.);
#3107 = DIRECTION('',(-1.401215134482E-17,0.996194698092,
    -8.715574274766E-02));
#3108 = ORIENTED_EDGE('',*,*,#1165,.T.);
#3109 = ORIENTED_EDGE('',*,*,#3110,.T.);
#3110 = EDGE_CURVE('',#1168,#3020,#3111,.T.);
#3111 = LINE('',#3112,#3113);
#3112 = CARTESIAN_POINT('',(2.305332025667,12.2,-1.124385556382));
#3113 = VECTOR('',#3114,1.);
#3114 = DIRECTION('',(-7.833506268238E-02,0.996194698092,
    3.820656289754E-02));
#3115 = ORIENTED_EDGE('',*,*,#3017,.F.);
#3116 = CONICAL_SURFACE('',#3117,2.564916885197,8.726646259972E-02);
#3117 = AXIS2_PLACEMENT_3D('',#3118,#3119,#3120);
#3118 = CARTESIAN_POINT('',(0.,12.2,0.));
#3119 = DIRECTION('',(0.,-1.,0.));
#3120 = DIRECTION('',(0.,0.,1.));
#3121 = ADVANCED_FACE('',(#3122),#3133,.F.);
#3122 = FACE_BOUND('',#3123,.T.);
#3123 = EDGE_LOOP('',(#3124,#3125,#3126,#3127));
#3124 = ORIENTED_EDGE('',*,*,#3028,.T.);
#3125 = ORIENTED_EDGE('',*,*,#3103,.F.);
#3126 = ORIENTED_EDGE('',*,*,#1227,.F.);
#3127 = ORIENTED_EDGE('',*,*,#3128,.T.);
#3128 = EDGE_CURVE('',#1219,#3029,#3129,.T.);
#3129 = LINE('',#3130,#3131);
#3130 = CARTESIAN_POINT('',(-10.79,12.2,2.564916885197));
#3131 = VECTOR('',#3132,1.);
#3132 = DIRECTION('',(-0.,0.996194698092,-8.715574274766E-02));
#3133 = PLANE('',#3134);
#3134 = AXIS2_PLACEMENT_3D('',#3135,#3136,#3137);
#3135 = CARTESIAN_POINT('',(-10.79,12.2,2.564916885197));
#3136 = DIRECTION('',(1.601596227454E-16,8.715574274766E-02,
    0.996194698092));
#3137 = DIRECTION('',(0.,-0.996194698092,8.715574274766E-02));
#3138 = ADVANCED_FACE('',(#3139),#3150,.F.);
#3139 = FACE_BOUND('',#3140,.F.);
#3140 = EDGE_LOOP('',(#3141,#3147,#3148,#3149));
#3141 = ORIENTED_EDGE('',*,*,#3142,.F.);
#3142 = EDGE_CURVE('',#1211,#3037,#3143,.T.);
#3143 = LINE('',#3144,#3145);
#3144 = CARTESIAN_POINT('',(-13.09533202566,12.2,-1.124385556382));
#3145 = VECTOR('',#3146,1.);
#3146 = DIRECTION('',(7.833506268238E-02,0.996194698092,
    3.820656289754E-02));
#3147 = ORIENTED_EDGE('',*,*,#1218,.T.);
#3148 = ORIENTED_EDGE('',*,*,#3128,.T.);
#3149 = ORIENTED_EDGE('',*,*,#3036,.F.);
#3150 = CONICAL_SURFACE('',#3151,2.564916885197,8.726646259972E-02);
#3151 = AXIS2_PLACEMENT_3D('',#3152,#3153,#3154);
#3152 = CARTESIAN_POINT('',(-10.79,12.2,0.));
#3153 = DIRECTION('',(0.,-1.,0.));
#3154 = DIRECTION('',(0.,0.,1.));
#3155 = ADVANCED_FACE('',(#3156),#3167,.F.);
#3156 = FACE_BOUND('',#3157,.T.);
#3157 = EDGE_LOOP('',(#3158,#3159,#3160,#3161));
#3158 = ORIENTED_EDGE('',*,*,#3045,.T.);
#3159 = ORIENTED_EDGE('',*,*,#3142,.F.);
#3160 = ORIENTED_EDGE('',*,*,#1210,.F.);
#3161 = ORIENTED_EDGE('',*,*,#3162,.T.);
#3162 = EDGE_CURVE('',#1202,#3046,#3163,.T.);
#3163 = LINE('',#3164,#3165);
#3164 = CARTESIAN_POINT('',(-11.71017147414,12.2,-3.964385556382));
#3165 = VECTOR('',#3166,1.);
#3166 = DIRECTION('',(7.833506268238E-02,0.996194698092,
    3.820656289754E-02));
#3167 = PLANE('',#3168);
#3168 = AXIS2_PLACEMENT_3D('',#3169,#3170,#3171);
#3169 = CARTESIAN_POINT('',(-11.71017147414,12.2,-3.964385556382));
#3170 = DIRECTION('',(-0.8953738636,8.715574274766E-02,-0.436703012228)
  );
#3171 = DIRECTION('',(-0.438371146789,0.,0.898794046299));
#3172 = ADVANCED_FACE('',(#3173),#3184,.F.);
#3173 = FACE_BOUND('',#3174,.F.);
#3174 = EDGE_LOOP('',(#3175,#3181,#3182,#3183));
#3175 = ORIENTED_EDGE('',*,*,#3176,.F.);
#3176 = EDGE_CURVE('',#1194,#3054,#3177,.T.);
#3177 = LINE('',#3178,#3179);
#3178 = CARTESIAN_POINT('',(-9.404839448473,12.2,-5.404916885197));
#3179 = VECTOR('',#3180,1.);
#3180 = DIRECTION('',(-1.885251453997E-17,0.996194698092,
    8.715574274766E-02));
#3181 = ORIENTED_EDGE('',*,*,#1201,.T.);
#3182 = ORIENTED_EDGE('',*,*,#3162,.T.);
#3183 = ORIENTED_EDGE('',*,*,#3053,.F.);
#3184 = CONICAL_SURFACE('',#3185,2.564916885197,8.726646259972E-02);
#3185 = AXIS2_PLACEMENT_3D('',#3186,#3187,#3188);
#3186 = CARTESIAN_POINT('',(-9.404839448473,12.2,-2.84));
#3187 = DIRECTION('',(0.,-1.,0.));
#3188 = DIRECTION('',(0.,0.,1.));
#3189 = ADVANCED_FACE('',(#3190),#3201,.F.);
#3190 = FACE_BOUND('',#3191,.T.);
#3191 = EDGE_LOOP('',(#3192,#3193,#3194,#3195));
#3192 = ORIENTED_EDGE('',*,*,#3062,.T.);
#3193 = ORIENTED_EDGE('',*,*,#3176,.F.);
#3194 = ORIENTED_EDGE('',*,*,#1193,.F.);
#3195 = ORIENTED_EDGE('',*,*,#3196,.T.);
#3196 = EDGE_CURVE('',#1185,#3063,#3197,.T.);
#3197 = LINE('',#3198,#3199);
#3198 = CARTESIAN_POINT('',(-1.385160551527,12.2,-5.404916885197));
#3199 = VECTOR('',#3200,1.);
#3200 = DIRECTION('',(7.368226719311E-18,0.996194698092,
    8.715574274766E-02));
#3201 = PLANE('',#3202);
#3202 = AXIS2_PLACEMENT_3D('',#3203,#3204,#3205);
#3203 = CARTESIAN_POINT('',(-1.385160551527,12.2,-5.404916885197));
#3204 = DIRECTION('',(2.154852272304E-16,8.715574274766E-02,
    -0.996194698092));
#3205 = DIRECTION('',(-6.162975822039E-33,0.996194698092,
    8.715574274766E-02));
#3206 = ADVANCED_FACE('',(#3207),#3218,.F.);
#3207 = FACE_BOUND('',#3208,.F.);
#3208 = EDGE_LOOP('',(#3209,#3215,#3216,#3217));
#3209 = ORIENTED_EDGE('',*,*,#3210,.F.);
#3210 = EDGE_CURVE('',#1177,#3071,#3211,.T.);
#3211 = LINE('',#3212,#3213);
#3212 = CARTESIAN_POINT('',(0.92017147414,12.2,-3.964385556382));
#3213 = VECTOR('',#3214,1.);
#3214 = DIRECTION('',(-7.833506268238E-02,0.996194698092,
    3.820656289754E-02));
#3215 = ORIENTED_EDGE('',*,*,#1184,.T.);
#3216 = ORIENTED_EDGE('',*,*,#3196,.T.);
#3217 = ORIENTED_EDGE('',*,*,#3070,.F.);
#3218 = CONICAL_SURFACE('',#3219,2.564916885197,8.726646259972E-02);
#3219 = AXIS2_PLACEMENT_3D('',#3220,#3221,#3222);
#3220 = CARTESIAN_POINT('',(-1.385160551527,12.2,-2.84));
#3221 = DIRECTION('',(0.,-1.,0.));
#3222 = DIRECTION('',(0.,0.,1.));
#3223 = ADVANCED_FACE('',(#3224),#3230,.F.);
#3224 = FACE_BOUND('',#3225,.T.);
#3225 = EDGE_LOOP('',(#3226,#3227,#3228,#3229));
#3226 = ORIENTED_EDGE('',*,*,#3079,.T.);
#3227 = ORIENTED_EDGE('',*,*,#3210,.F.);
#3228 = ORIENTED_EDGE('',*,*,#1176,.F.);
#3229 = ORIENTED_EDGE('',*,*,#3110,.T.);
#3230 = PLANE('',#3231);
#3231 = AXIS2_PLACEMENT_3D('',#3232,#3233,#3234);
#3232 = CARTESIAN_POINT('',(2.305332025667,12.2,-1.124385556382));
#3233 = DIRECTION('',(0.8953738636,8.715574274766E-02,-0.436703012228));
#3234 = DIRECTION('',(-0.438371146789,6.938893903907E-18,-0.898794046299
    ));
#3235 = ADVANCED_FACE('',(#3236),#3248,.T.);
#3236 = FACE_BOUND('',#3237,.T.);
#3237 = EDGE_LOOP('',(#3238,#3239,#3246,#3247));
#3238 = ORIENTED_EDGE('',*,*,#458,.F.);
#3239 = ORIENTED_EDGE('',*,*,#3240,.F.);
#3240 = EDGE_CURVE('',#476,#448,#3241,.T.);
#3241 = CIRCLE('',#3242,0.5);
#3242 = AXIS2_PLACEMENT_3D('',#3243,#3244,#3245);
#3243 = CARTESIAN_POINT('',(-1.385,10.73,-2.84));
#3244 = DIRECTION('',(0.,1.,0.));
#3245 = DIRECTION('',(0.,-0.,1.));
#3246 = ORIENTED_EDGE('',*,*,#475,.T.);
#3247 = ORIENTED_EDGE('',*,*,#1235,.T.);
#3248 = CYLINDRICAL_SURFACE('',#3249,0.5);
#3249 = AXIS2_PLACEMENT_3D('',#3250,#3251,#3252);
#3250 = CARTESIAN_POINT('',(-1.385,10.73,-2.84));
#3251 = DIRECTION('',(-0.,-1.,-0.));
#3252 = DIRECTION('',(0.,0.,-1.));
#3253 = ADVANCED_FACE('',(#3254),#3272,.T.);
#3254 = FACE_BOUND('',#3255,.T.);
#3255 = EDGE_LOOP('',(#3256,#3257,#3258,#3270,#3271));
#3256 = ORIENTED_EDGE('',*,*,#3240,.T.);
#3257 = ORIENTED_EDGE('',*,*,#447,.T.);
#3258 = ORIENTED_EDGE('',*,*,#3259,.T.);
#3259 = EDGE_CURVE('',#450,#3260,#3262,.T.);
#3260 = VERTEX_POINT('',#3261);
#3261 = CARTESIAN_POINT('',(-1.385,11.23,-2.84));
#3262 = B_SPLINE_CURVE_WITH_KNOTS('',6,(#3263,#3264,#3265,#3266,#3267,
    #3268,#3269),.UNSPECIFIED.,.F.,.F.,(7,7),(0.,1.570796326795),
  .PIECEWISE_BEZIER_KNOTS.);
#3263 = CARTESIAN_POINT('',(-0.885,10.73,-2.84));
#3264 = CARTESIAN_POINT('',(-0.885,10.8608996939,-2.84));
#3265 = CARTESIAN_POINT('',(-0.92611384301,10.991788250353,-2.84));
#3266 = CARTESIAN_POINT('',(-1.00840492518,11.10659507482,-2.84));
#3267 = CARTESIAN_POINT('',(-1.123211749647,11.18888615699,-2.84));
#3268 = CARTESIAN_POINT('',(-1.2541003061,11.23,-2.84));
#3269 = CARTESIAN_POINT('',(-1.385,11.23,-2.84));
#3270 = ORIENTED_EDGE('',*,*,#3259,.F.);
#3271 = ORIENTED_EDGE('',*,*,#483,.T.);
#3272 = SPHERICAL_SURFACE('',#3273,0.5);
#3273 = AXIS2_PLACEMENT_3D('',#3274,#3275,#3276);
#3274 = CARTESIAN_POINT('',(-1.385,10.73,-2.84));
#3275 = DIRECTION('',(0.,1.,0.));
#3276 = DIRECTION('',(1.,0.,0.));
#3277 = ADVANCED_FACE('',(#3278),#3290,.T.);
#3278 = FACE_BOUND('',#3279,.T.);
#3279 = EDGE_LOOP('',(#3280,#3281,#3288,#3289));
#3280 = ORIENTED_EDGE('',*,*,#407,.F.);
#3281 = ORIENTED_EDGE('',*,*,#3282,.F.);
#3282 = EDGE_CURVE('',#425,#397,#3283,.T.);
#3283 = CIRCLE('',#3284,0.5);
#3284 = AXIS2_PLACEMENT_3D('',#3285,#3286,#3287);
#3285 = CARTESIAN_POINT('',(-4.155,10.73,-2.84));
#3286 = DIRECTION('',(0.,1.,0.));
#3287 = DIRECTION('',(0.,-0.,1.));
#3288 = ORIENTED_EDGE('',*,*,#424,.T.);
#3289 = ORIENTED_EDGE('',*,*,#1155,.T.);
#3290 = CYLINDRICAL_SURFACE('',#3291,0.5);
#3291 = AXIS2_PLACEMENT_3D('',#3292,#3293,#3294);
#3292 = CARTESIAN_POINT('',(-4.155,10.73,-2.84));
#3293 = DIRECTION('',(-0.,-1.,-0.));
#3294 = DIRECTION('',(0.,0.,-1.));
#3295 = ADVANCED_FACE('',(#3296),#3314,.T.);
#3296 = FACE_BOUND('',#3297,.T.);
#3297 = EDGE_LOOP('',(#3298,#3299,#3300,#3312,#3313));
#3298 = ORIENTED_EDGE('',*,*,#3282,.T.);
#3299 = ORIENTED_EDGE('',*,*,#396,.T.);
#3300 = ORIENTED_EDGE('',*,*,#3301,.T.);
#3301 = EDGE_CURVE('',#399,#3302,#3304,.T.);
#3302 = VERTEX_POINT('',#3303);
#3303 = CARTESIAN_POINT('',(-4.155,11.23,-2.84));
#3304 = B_SPLINE_CURVE_WITH_KNOTS('',6,(#3305,#3306,#3307,#3308,#3309,
    #3310,#3311),.UNSPECIFIED.,.F.,.F.,(7,7),(0.,1.570796326795),
  .PIECEWISE_BEZIER_KNOTS.);
#3305 = CARTESIAN_POINT('',(-3.655,10.73,-2.84));
#3306 = CARTESIAN_POINT('',(-3.655,10.8608996939,-2.84));
#3307 = CARTESIAN_POINT('',(-3.69611384301,10.991788250353,-2.84));
#3308 = CARTESIAN_POINT('',(-3.77840492518,11.10659507482,-2.84));
#3309 = CARTESIAN_POINT('',(-3.893211749647,11.18888615699,-2.84));
#3310 = CARTESIAN_POINT('',(-4.0241003061,11.23,-2.84));
#3311 = CARTESIAN_POINT('',(-4.155,11.23,-2.84));
#3312 = ORIENTED_EDGE('',*,*,#3301,.F.);
#3313 = ORIENTED_EDGE('',*,*,#432,.T.);
#3314 = SPHERICAL_SURFACE('',#3315,0.5);
#3315 = AXIS2_PLACEMENT_3D('',#3316,#3317,#3318);
#3316 = CARTESIAN_POINT('',(-4.155,10.73,-2.84));
#3317 = DIRECTION('',(0.,1.,0.));
#3318 = DIRECTION('',(1.,0.,0.));
#3319 = ADVANCED_FACE('',(#3320),#3332,.T.);
#3320 = FACE_BOUND('',#3321,.T.);
#3321 = EDGE_LOOP('',(#3322,#3323,#3330,#3331));
#3322 = ORIENTED_EDGE('',*,*,#356,.F.);
#3323 = ORIENTED_EDGE('',*,*,#3324,.F.);
#3324 = EDGE_CURVE('',#374,#346,#3325,.T.);
#3325 = CIRCLE('',#3326,0.5);
#3326 = AXIS2_PLACEMENT_3D('',#3327,#3328,#3329);
#3327 = CARTESIAN_POINT('',(-6.925,10.73,-2.84));
#3328 = DIRECTION('',(0.,1.,0.));
#3329 = DIRECTION('',(0.,-0.,1.));
#3330 = ORIENTED_EDGE('',*,*,#373,.T.);
#3331 = ORIENTED_EDGE('',*,*,#1245,.T.);
#3332 = CYLINDRICAL_SURFACE('',#3333,0.5);
#3333 = AXIS2_PLACEMENT_3D('',#3334,#3335,#3336);
#3334 = CARTESIAN_POINT('',(-6.925,10.73,-2.84));
#3335 = DIRECTION('',(-0.,-1.,-0.));
#3336 = DIRECTION('',(0.,0.,-1.));
#3337 = ADVANCED_FACE('',(#3338),#3356,.T.);
#3338 = FACE_BOUND('',#3339,.T.);
#3339 = EDGE_LOOP('',(#3340,#3341,#3342,#3354,#3355));
#3340 = ORIENTED_EDGE('',*,*,#3324,.T.);
#3341 = ORIENTED_EDGE('',*,*,#345,.T.);
#3342 = ORIENTED_EDGE('',*,*,#3343,.T.);
#3343 = EDGE_CURVE('',#348,#3344,#3346,.T.);
#3344 = VERTEX_POINT('',#3345);
#3345 = CARTESIAN_POINT('',(-6.925,11.23,-2.84));
#3346 = B_SPLINE_CURVE_WITH_KNOTS('',6,(#3347,#3348,#3349,#3350,#3351,
    #3352,#3353),.UNSPECIFIED.,.F.,.F.,(7,7),(0.,1.570796326795),
  .PIECEWISE_BEZIER_KNOTS.);
#3347 = CARTESIAN_POINT('',(-6.425,10.73,-2.84));
#3348 = CARTESIAN_POINT('',(-6.425,10.8608996939,-2.84));
#3349 = CARTESIAN_POINT('',(-6.46611384301,10.991788250353,-2.84));
#3350 = CARTESIAN_POINT('',(-6.54840492518,11.10659507482,-2.84));
#3351 = CARTESIAN_POINT('',(-6.663211749647,11.18888615699,-2.84));
#3352 = CARTESIAN_POINT('',(-6.7941003061,11.23,-2.84));
#3353 = CARTESIAN_POINT('',(-6.925,11.23,-2.84));
#3354 = ORIENTED_EDGE('',*,*,#3343,.F.);
#3355 = ORIENTED_EDGE('',*,*,#381,.T.);
#3356 = SPHERICAL_SURFACE('',#3357,0.5);
#3357 = AXIS2_PLACEMENT_3D('',#3358,#3359,#3360);
#3358 = CARTESIAN_POINT('',(-6.925,10.73,-2.84));
#3359 = DIRECTION('',(0.,1.,0.));
#3360 = DIRECTION('',(1.,0.,0.));
#3361 = ADVANCED_FACE('',(#3362),#3374,.T.);
#3362 = FACE_BOUND('',#3363,.T.);
#3363 = EDGE_LOOP('',(#3364,#3365,#3372,#3373));
#3364 = ORIENTED_EDGE('',*,*,#305,.F.);
#3365 = ORIENTED_EDGE('',*,*,#3366,.F.);
#3366 = EDGE_CURVE('',#323,#295,#3367,.T.);
#3367 = CIRCLE('',#3368,0.5);
#3368 = AXIS2_PLACEMENT_3D('',#3369,#3370,#3371);
#3369 = CARTESIAN_POINT('',(-9.695,10.73,-2.84));
#3370 = DIRECTION('',(0.,1.,0.));
#3371 = DIRECTION('',(0.,-0.,1.));
#3372 = ORIENTED_EDGE('',*,*,#322,.T.);
#3373 = ORIENTED_EDGE('',*,*,#1145,.T.);
#3374 = CYLINDRICAL_SURFACE('',#3375,0.5);
#3375 = AXIS2_PLACEMENT_3D('',#3376,#3377,#3378);
#3376 = CARTESIAN_POINT('',(-9.695,10.73,-2.84));
#3377 = DIRECTION('',(-0.,-1.,-0.));
#3378 = DIRECTION('',(0.,0.,-1.));
#3379 = ADVANCED_FACE('',(#3380),#3398,.T.);
#3380 = FACE_BOUND('',#3381,.T.);
#3381 = EDGE_LOOP('',(#3382,#3383,#3384,#3396,#3397));
#3382 = ORIENTED_EDGE('',*,*,#3366,.T.);
#3383 = ORIENTED_EDGE('',*,*,#294,.T.);
#3384 = ORIENTED_EDGE('',*,*,#3385,.T.);
#3385 = EDGE_CURVE('',#297,#3386,#3388,.T.);
#3386 = VERTEX_POINT('',#3387);
#3387 = CARTESIAN_POINT('',(-9.695,11.23,-2.84));
#3388 = B_SPLINE_CURVE_WITH_KNOTS('',6,(#3389,#3390,#3391,#3392,#3393,
    #3394,#3395),.UNSPECIFIED.,.F.,.F.,(7,7),(0.,1.570796326795),
  .PIECEWISE_BEZIER_KNOTS.);
#3389 = CARTESIAN_POINT('',(-9.195,10.73,-2.84));
#3390 = CARTESIAN_POINT('',(-9.195,10.8608996939,-2.84));
#3391 = CARTESIAN_POINT('',(-9.23611384301,10.991788250353,-2.84));
#3392 = CARTESIAN_POINT('',(-9.31840492518,11.10659507482,-2.84));
#3393 = CARTESIAN_POINT('',(-9.433211749647,11.18888615699,-2.84));
#3394 = CARTESIAN_POINT('',(-9.5641003061,11.23,-2.84));
#3395 = CARTESIAN_POINT('',(-9.695,11.23,-2.84));
#3396 = ORIENTED_EDGE('',*,*,#3385,.F.);
#3397 = ORIENTED_EDGE('',*,*,#330,.T.);
#3398 = SPHERICAL_SURFACE('',#3399,0.5);
#3399 = AXIS2_PLACEMENT_3D('',#3400,#3401,#3402);
#3400 = CARTESIAN_POINT('',(-9.695,10.73,-2.84));
#3401 = DIRECTION('',(0.,1.,0.));
#3402 = DIRECTION('',(1.,0.,0.));
#3403 = ADVANCED_FACE('',(#3404),#3416,.T.);
#3404 = FACE_BOUND('',#3405,.T.);
#3405 = EDGE_LOOP('',(#3406,#3407,#3414,#3415));
#3406 = ORIENTED_EDGE('',*,*,#254,.F.);
#3407 = ORIENTED_EDGE('',*,*,#3408,.F.);
#3408 = EDGE_CURVE('',#272,#244,#3409,.T.);
#3409 = CIRCLE('',#3410,0.5);
#3410 = AXIS2_PLACEMENT_3D('',#3411,#3412,#3413);
#3411 = CARTESIAN_POINT('',(-11.08,10.73,0.));
#3412 = DIRECTION('',(0.,1.,0.));
#3413 = DIRECTION('',(0.,-0.,1.));
#3414 = ORIENTED_EDGE('',*,*,#271,.T.);
#3415 = ORIENTED_EDGE('',*,*,#1255,.T.);
#3416 = CYLINDRICAL_SURFACE('',#3417,0.5);
#3417 = AXIS2_PLACEMENT_3D('',#3418,#3419,#3420);
#3418 = CARTESIAN_POINT('',(-11.08,10.73,0.));
#3419 = DIRECTION('',(-0.,-1.,-0.));
#3420 = DIRECTION('',(0.,0.,-1.));
#3421 = ADVANCED_FACE('',(#3422),#3440,.T.);
#3422 = FACE_BOUND('',#3423,.T.);
#3423 = EDGE_LOOP('',(#3424,#3425,#3426,#3438,#3439));
#3424 = ORIENTED_EDGE('',*,*,#3408,.T.);
#3425 = ORIENTED_EDGE('',*,*,#243,.T.);
#3426 = ORIENTED_EDGE('',*,*,#3427,.T.);
#3427 = EDGE_CURVE('',#246,#3428,#3430,.T.);
#3428 = VERTEX_POINT('',#3429);
#3429 = CARTESIAN_POINT('',(-11.08,11.23,7.498798913309E-33));
#3430 = B_SPLINE_CURVE_WITH_KNOTS('',6,(#3431,#3432,#3433,#3434,#3435,
    #3436,#3437),.UNSPECIFIED.,.F.,.F.,(7,7),(0.,1.570796326795),
  .PIECEWISE_BEZIER_KNOTS.);
#3431 = CARTESIAN_POINT('',(-10.58,10.73,0.));
#3432 = CARTESIAN_POINT('',(-10.58,10.8608996939,0.));
#3433 = CARTESIAN_POINT('',(-10.62111384301,10.991788250353,0.));
#3434 = CARTESIAN_POINT('',(-10.70340492518,11.10659507482,0.));
#3435 = CARTESIAN_POINT('',(-10.81821174964,11.18888615699,0.));
#3436 = CARTESIAN_POINT('',(-10.9491003061,11.23,0.));
#3437 = CARTESIAN_POINT('',(-11.08,11.23,0.));
#3438 = ORIENTED_EDGE('',*,*,#3427,.F.);
#3439 = ORIENTED_EDGE('',*,*,#279,.T.);
#3440 = SPHERICAL_SURFACE('',#3441,0.5);
#3441 = AXIS2_PLACEMENT_3D('',#3442,#3443,#3444);
#3442 = CARTESIAN_POINT('',(-11.08,10.73,0.));
#3443 = DIRECTION('',(0.,1.,0.));
#3444 = DIRECTION('',(1.,0.,0.));
#3445 = ADVANCED_FACE('',(#3446),#3458,.T.);
#3446 = FACE_BOUND('',#3447,.T.);
#3447 = EDGE_LOOP('',(#3448,#3449,#3456,#3457));
#3448 = ORIENTED_EDGE('',*,*,#203,.F.);
#3449 = ORIENTED_EDGE('',*,*,#3450,.F.);
#3450 = EDGE_CURVE('',#221,#193,#3451,.T.);
#3451 = CIRCLE('',#3452,0.5);
#3452 = AXIS2_PLACEMENT_3D('',#3453,#3454,#3455);
#3453 = CARTESIAN_POINT('',(-8.31,10.73,0.));
#3454 = DIRECTION('',(0.,1.,0.));
#3455 = DIRECTION('',(0.,-0.,1.));
#3456 = ORIENTED_EDGE('',*,*,#220,.T.);
#3457 = ORIENTED_EDGE('',*,*,#1135,.T.);
#3458 = CYLINDRICAL_SURFACE('',#3459,0.5);
#3459 = AXIS2_PLACEMENT_3D('',#3460,#3461,#3462);
#3460 = CARTESIAN_POINT('',(-8.31,10.73,0.));
#3461 = DIRECTION('',(-0.,-1.,-0.));
#3462 = DIRECTION('',(0.,0.,-1.));
#3463 = ADVANCED_FACE('',(#3464),#3482,.T.);
#3464 = FACE_BOUND('',#3465,.T.);
#3465 = EDGE_LOOP('',(#3466,#3467,#3468,#3480,#3481));
#3466 = ORIENTED_EDGE('',*,*,#3450,.T.);
#3467 = ORIENTED_EDGE('',*,*,#192,.T.);
#3468 = ORIENTED_EDGE('',*,*,#3469,.T.);
#3469 = EDGE_CURVE('',#195,#3470,#3472,.T.);
#3470 = VERTEX_POINT('',#3471);
#3471 = CARTESIAN_POINT('',(-8.31,11.23,7.498798913309E-33));
#3472 = B_SPLINE_CURVE_WITH_KNOTS('',6,(#3473,#3474,#3475,#3476,#3477,
    #3478,#3479),.UNSPECIFIED.,.F.,.F.,(7,7),(0.,1.570796326795),
  .PIECEWISE_BEZIER_KNOTS.);
#3473 = CARTESIAN_POINT('',(-7.81,10.73,0.));
#3474 = CARTESIAN_POINT('',(-7.81,10.8608996939,0.));
#3475 = CARTESIAN_POINT('',(-7.85111384301,10.991788250353,0.));
#3476 = CARTESIAN_POINT('',(-7.93340492518,11.10659507482,0.));
#3477 = CARTESIAN_POINT('',(-8.048211749647,11.18888615699,0.));
#3478 = CARTESIAN_POINT('',(-8.1791003061,11.23,0.));
#3479 = CARTESIAN_POINT('',(-8.31,11.23,0.));
#3480 = ORIENTED_EDGE('',*,*,#3469,.F.);
#3481 = ORIENTED_EDGE('',*,*,#228,.T.);
#3482 = SPHERICAL_SURFACE('',#3483,0.5);
#3483 = AXIS2_PLACEMENT_3D('',#3484,#3485,#3486);
#3484 = CARTESIAN_POINT('',(-8.31,10.73,0.));
#3485 = DIRECTION('',(0.,1.,0.));
#3486 = DIRECTION('',(1.,0.,0.));
#3487 = ADVANCED_FACE('',(#3488),#3500,.T.);
#3488 = FACE_BOUND('',#3489,.T.);
#3489 = EDGE_LOOP('',(#3490,#3491,#3498,#3499));
#3490 = ORIENTED_EDGE('',*,*,#152,.F.);
#3491 = ORIENTED_EDGE('',*,*,#3492,.F.);
#3492 = EDGE_CURVE('',#170,#142,#3493,.T.);
#3493 = CIRCLE('',#3494,0.5);
#3494 = AXIS2_PLACEMENT_3D('',#3495,#3496,#3497);
#3495 = CARTESIAN_POINT('',(-5.54,10.73,0.));
#3496 = DIRECTION('',(0.,1.,0.));
#3497 = DIRECTION('',(0.,-0.,1.));
#3498 = ORIENTED_EDGE('',*,*,#169,.T.);
#3499 = ORIENTED_EDGE('',*,*,#1265,.T.);
#3500 = CYLINDRICAL_SURFACE('',#3501,0.5);
#3501 = AXIS2_PLACEMENT_3D('',#3502,#3503,#3504);
#3502 = CARTESIAN_POINT('',(-5.54,10.73,0.));
#3503 = DIRECTION('',(-0.,-1.,-0.));
#3504 = DIRECTION('',(0.,0.,-1.));
#3505 = ADVANCED_FACE('',(#3506),#3524,.T.);
#3506 = FACE_BOUND('',#3507,.T.);
#3507 = EDGE_LOOP('',(#3508,#3509,#3510,#3522,#3523));
#3508 = ORIENTED_EDGE('',*,*,#3492,.T.);
#3509 = ORIENTED_EDGE('',*,*,#141,.T.);
#3510 = ORIENTED_EDGE('',*,*,#3511,.T.);
#3511 = EDGE_CURVE('',#144,#3512,#3514,.T.);
#3512 = VERTEX_POINT('',#3513);
#3513 = CARTESIAN_POINT('',(-5.54,11.23,7.498798913309E-33));
#3514 = B_SPLINE_CURVE_WITH_KNOTS('',6,(#3515,#3516,#3517,#3518,#3519,
    #3520,#3521),.UNSPECIFIED.,.F.,.F.,(7,7),(0.,1.570796326795),
  .PIECEWISE_BEZIER_KNOTS.);
#3515 = CARTESIAN_POINT('',(-5.04,10.73,0.));
#3516 = CARTESIAN_POINT('',(-5.04,10.8608996939,0.));
#3517 = CARTESIAN_POINT('',(-5.08111384301,10.991788250353,0.));
#3518 = CARTESIAN_POINT('',(-5.16340492518,11.10659507482,0.));
#3519 = CARTESIAN_POINT('',(-5.278211749647,11.18888615699,0.));
#3520 = CARTESIAN_POINT('',(-5.4091003061,11.23,0.));
#3521 = CARTESIAN_POINT('',(-5.54,11.23,0.));
#3522 = ORIENTED_EDGE('',*,*,#3511,.F.);
#3523 = ORIENTED_EDGE('',*,*,#177,.T.);
#3524 = SPHERICAL_SURFACE('',#3525,0.5);
#3525 = AXIS2_PLACEMENT_3D('',#3526,#3527,#3528);
#3526 = CARTESIAN_POINT('',(-5.54,10.73,0.));
#3527 = DIRECTION('',(0.,1.,0.));
#3528 = DIRECTION('',(1.,0.,0.));
#3529 = ADVANCED_FACE('',(#3530),#3542,.T.);
#3530 = FACE_BOUND('',#3531,.T.);
#3531 = EDGE_LOOP('',(#3532,#3533,#3540,#3541));
#3532 = ORIENTED_EDGE('',*,*,#101,.F.);
#3533 = ORIENTED_EDGE('',*,*,#3534,.F.);
#3534 = EDGE_CURVE('',#119,#91,#3535,.T.);
#3535 = CIRCLE('',#3536,0.5);
#3536 = AXIS2_PLACEMENT_3D('',#3537,#3538,#3539);
#3537 = CARTESIAN_POINT('',(-2.77,10.73,0.));
#3538 = DIRECTION('',(0.,1.,0.));
#3539 = DIRECTION('',(0.,-0.,1.));
#3540 = ORIENTED_EDGE('',*,*,#118,.T.);
#3541 = ORIENTED_EDGE('',*,*,#1125,.T.);
#3542 = CYLINDRICAL_SURFACE('',#3543,0.5);
#3543 = AXIS2_PLACEMENT_3D('',#3544,#3545,#3546);
#3544 = CARTESIAN_POINT('',(-2.77,10.73,0.));
#3545 = DIRECTION('',(-0.,-1.,-0.));
#3546 = DIRECTION('',(0.,0.,-1.));
#3547 = ADVANCED_FACE('',(#3548),#3566,.T.);
#3548 = FACE_BOUND('',#3549,.T.);
#3549 = EDGE_LOOP('',(#3550,#3551,#3552,#3564,#3565));
#3550 = ORIENTED_EDGE('',*,*,#3534,.T.);
#3551 = ORIENTED_EDGE('',*,*,#90,.T.);
#3552 = ORIENTED_EDGE('',*,*,#3553,.T.);
#3553 = EDGE_CURVE('',#93,#3554,#3556,.T.);
#3554 = VERTEX_POINT('',#3555);
#3555 = CARTESIAN_POINT('',(-2.77,11.23,7.498798913309E-33));
#3556 = B_SPLINE_CURVE_WITH_KNOTS('',6,(#3557,#3558,#3559,#3560,#3561,
    #3562,#3563),.UNSPECIFIED.,.F.,.F.,(7,7),(0.,1.570796326795),
  .PIECEWISE_BEZIER_KNOTS.);
#3557 = CARTESIAN_POINT('',(-2.27,10.73,0.));
#3558 = CARTESIAN_POINT('',(-2.27,10.8608996939,0.));
#3559 = CARTESIAN_POINT('',(-2.31111384301,10.991788250353,0.));
#3560 = CARTESIAN_POINT('',(-2.39340492518,11.10659507482,0.));
#3561 = CARTESIAN_POINT('',(-2.508211749647,11.18888615699,0.));
#3562 = CARTESIAN_POINT('',(-2.6391003061,11.23,0.));
#3563 = CARTESIAN_POINT('',(-2.77,11.23,0.));
#3564 = ORIENTED_EDGE('',*,*,#3553,.F.);
#3565 = ORIENTED_EDGE('',*,*,#126,.T.);
#3566 = SPHERICAL_SURFACE('',#3567,0.5);
#3567 = AXIS2_PLACEMENT_3D('',#3568,#3569,#3570);
#3568 = CARTESIAN_POINT('',(-2.77,10.73,0.));
#3569 = DIRECTION('',(0.,1.,0.));
#3570 = DIRECTION('',(1.,0.,0.));
#3571 = ADVANCED_FACE('',(#3572),#3584,.T.);
#3572 = FACE_BOUND('',#3573,.T.);
#3573 = EDGE_LOOP('',(#3574,#3575,#3582,#3583));
#3574 = ORIENTED_EDGE('',*,*,#50,.F.);
#3575 = ORIENTED_EDGE('',*,*,#3576,.F.);
#3576 = EDGE_CURVE('',#68,#40,#3577,.T.);
#3577 = CIRCLE('',#3578,0.5);
#3578 = AXIS2_PLACEMENT_3D('',#3579,#3580,#3581);
#3579 = CARTESIAN_POINT('',(0.,10.73,0.));
#3580 = DIRECTION('',(0.,1.,0.));
#3581 = DIRECTION('',(0.,-0.,1.));
#3582 = ORIENTED_EDGE('',*,*,#67,.T.);
#3583 = ORIENTED_EDGE('',*,*,#1275,.T.);
#3584 = CYLINDRICAL_SURFACE('',#3585,0.5);
#3585 = AXIS2_PLACEMENT_3D('',#3586,#3587,#3588);
#3586 = CARTESIAN_POINT('',(0.,10.73,0.));
#3587 = DIRECTION('',(-0.,-1.,-0.));
#3588 = DIRECTION('',(0.,0.,-1.));
#3589 = ADVANCED_FACE('',(#3590),#3608,.T.);
#3590 = FACE_BOUND('',#3591,.T.);
#3591 = EDGE_LOOP('',(#3592,#3593,#3594,#3606,#3607));
#3592 = ORIENTED_EDGE('',*,*,#3576,.T.);
#3593 = ORIENTED_EDGE('',*,*,#39,.T.);
#3594 = ORIENTED_EDGE('',*,*,#3595,.T.);
#3595 = EDGE_CURVE('',#42,#3596,#3598,.T.);
#3596 = VERTEX_POINT('',#3597);
#3597 = CARTESIAN_POINT('',(3.061616997868E-17,11.23,7.498798913309E-33)
  );
#3598 = B_SPLINE_CURVE_WITH_KNOTS('',6,(#3599,#3600,#3601,#3602,#3603,
    #3604,#3605),.UNSPECIFIED.,.F.,.F.,(7,7),(0.,1.570796326795),
  .PIECEWISE_BEZIER_KNOTS.);
#3599 = CARTESIAN_POINT('',(0.5,10.73,0.));
#3600 = CARTESIAN_POINT('',(0.5,10.8608996939,0.));
#3601 = CARTESIAN_POINT('',(0.45888615699,10.991788250353,0.));
#3602 = CARTESIAN_POINT('',(0.37659507482,11.10659507482,0.));
#3603 = CARTESIAN_POINT('',(0.261788250353,11.18888615699,0.));
#3604 = CARTESIAN_POINT('',(0.1308996939,11.23,0.));
#3605 = CARTESIAN_POINT('',(0.,11.23,0.));
#3606 = ORIENTED_EDGE('',*,*,#3595,.F.);
#3607 = ORIENTED_EDGE('',*,*,#75,.T.);
#3608 = SPHERICAL_SURFACE('',#3609,0.5);
#3609 = AXIS2_PLACEMENT_3D('',#3610,#3611,#3612);
#3610 = CARTESIAN_POINT('',(0.,10.73,0.));
#3611 = DIRECTION('',(0.,1.,0.));
#3612 = DIRECTION('',(1.,0.,0.));
#3613 = ( GEOMETRIC_REPRESENTATION_CONTEXT(3) 
GLOBAL_UNCERTAINTY_ASSIGNED_CONTEXT((#3617)) 
GLOBAL_UNIT_ASSIGNED_CONTEXT((#3614,#3615,#3616)) REPRESENTATION_CONTEXT
('Context #1','3D Context with UNIT and UNCERTAINTY') );
#3614 = ( LENGTH_UNIT() NAMED_UNIT(*) SI_UNIT(.MILLI.,.METRE.) );
#3615 = ( NAMED_UNIT(*) PLANE_ANGLE_UNIT() SI_UNIT($,.RADIAN.) );
#3616 = ( NAMED_UNIT(*) SI_UNIT($,.STERADIAN.) SOLID_ANGLE_UNIT() );
#3617 = UNCERTAINTY_MEASURE_WITH_UNIT(LENGTH_MEASURE(1.E-06),#3614,
  'distance_accuracy_value','confusion accuracy');
#3618 = CONTEXT_DEPENDENT_SHAPE_REPRESENTATION(#3619,#3621);
#3619 = ( REPRESENTATION_RELATIONSHIP('','',#32,#10) 
REPRESENTATION_RELATIONSHIP_WITH_TRANSFORMATION(#3620) 
SHAPE_REPRESENTATION_RELATIONSHIP() );
#3620 = ITEM_DEFINED_TRANSFORMATION('','',#11,#15);
#3621 = PRODUCT_DEFINITION_SHAPE('Placement','Placement of an item',
  #3622);
#3622 = NEXT_ASSEMBLY_USAGE_OCCURRENCE('1','DB9_M','',#5,#27,$);
#3623 = PRODUCT_RELATED_PRODUCT_CATEGORY('part',$,(#29));
#3624 = MECHANICAL_DESIGN_GEOMETRIC_PRESENTATION_REPRESENTATION('',(
    #3625,#3636,#3644,#3651,#3658,#3665,#3673,#3680,#3687,#3694,#3701,
    #3708,#3715,#3722,#3729,#3736,#3743,#3750,#3757,#3764,#3771,#3778,
    #3785,#3792,#3799,#3806,#3813,#3820,#3827,#3834,#3841,#3848,#3855,
    #3862,#3869,#3876,#3883,#3890,#3897,#3904,#3911,#3918,#3925,#3932,
    #3939,#3946,#3953,#3960,#3967,#3974,#3981,#3988,#3995,#4002,#4009,
    #4016,#4023),#3613);
#3625 = STYLED_ITEM('color',(#3626),#33);
#3626 = PRESENTATION_STYLE_ASSIGNMENT((#3627,#3633));
#3627 = SURFACE_STYLE_USAGE(.BOTH.,#3628);
#3628 = SURFACE_SIDE_STYLE('',(#3629));
#3629 = SURFACE_STYLE_FILL_AREA(#3630);
#3630 = FILL_AREA_STYLE('',(#3631));
#3631 = FILL_AREA_STYLE_COLOUR('',#3632);
#3632 = COLOUR_RGB('',0.647058850868,0.517647081386,0.);
#3633 = CURVE_STYLE('',#3634,POSITIVE_LENGTH_MEASURE(0.1),#3635);
#3634 = DRAUGHTING_PRE_DEFINED_CURVE_FONT('continuous');
#3635 = COLOUR_RGB('',9.803921802644E-02,9.803921802644E-02,
  9.803921802644E-02);
#3636 = OVER_RIDING_STYLED_ITEM('overriding color',(#3637),#953,#3625);
#3637 = PRESENTATION_STYLE_ASSIGNMENT((#3638));
#3638 = SURFACE_STYLE_USAGE(.BOTH.,#3639);
#3639 = SURFACE_SIDE_STYLE('',(#3640));
#3640 = SURFACE_STYLE_FILL_AREA(#3641);
#3641 = FILL_AREA_STYLE('',(#3642));
#3642 = FILL_AREA_STYLE_COLOUR('',#3643);
#3643 = COLOUR_RGB('',0.898039222556,0.898039222556,0.898039222556);
#3644 = OVER_RIDING_STYLED_ITEM('overriding color',(#3645),#995,#3625);
#3645 = PRESENTATION_STYLE_ASSIGNMENT((#3646));
#3646 = SURFACE_STYLE_USAGE(.BOTH.,#3647);
#3647 = SURFACE_SIDE_STYLE('',(#3648));
#3648 = SURFACE_STYLE_FILL_AREA(#3649);
#3649 = FILL_AREA_STYLE('',(#3650));
#3650 = FILL_AREA_STYLE_COLOUR('',#3643);
#3651 = OVER_RIDING_STYLED_ITEM('overriding color',(#3652),#1037,#3625);
#3652 = PRESENTATION_STYLE_ASSIGNMENT((#3653));
#3653 = SURFACE_STYLE_USAGE(.BOTH.,#3654);
#3654 = SURFACE_SIDE_STYLE('',(#3655));
#3655 = SURFACE_STYLE_FILL_AREA(#3656);
#3656 = FILL_AREA_STYLE('',(#3657));
#3657 = FILL_AREA_STYLE_COLOUR('',#3643);
#3658 = OVER_RIDING_STYLED_ITEM('overriding color',(#3659),#1079,#3625);
#3659 = PRESENTATION_STYLE_ASSIGNMENT((#3660));
#3660 = SURFACE_STYLE_USAGE(.BOTH.,#3661);
#3661 = SURFACE_SIDE_STYLE('',(#3662));
#3662 = SURFACE_STYLE_FILL_AREA(#3663);
#3663 = FILL_AREA_STYLE('',(#3664));
#3664 = FILL_AREA_STYLE_COLOUR('',#3643);
#3665 = OVER_RIDING_STYLED_ITEM('overriding color',(#3666),#1121,#3625);
#3666 = PRESENTATION_STYLE_ASSIGNMENT((#3667));
#3667 = SURFACE_STYLE_USAGE(.BOTH.,#3668);
#3668 = SURFACE_SIDE_STYLE('',(#3669));
#3669 = SURFACE_STYLE_FILL_AREA(#3670);
#3670 = FILL_AREA_STYLE('',(#3671));
#3671 = FILL_AREA_STYLE_COLOUR('',#3672);
#3672 = COLOUR_RGB('',3.921568724327E-03,0.235294113866,0.823529417451);
#3673 = OVER_RIDING_STYLED_ITEM('overriding color',(#3674),#1287,#3625);
#3674 = PRESENTATION_STYLE_ASSIGNMENT((#3675));
#3675 = SURFACE_STYLE_USAGE(.BOTH.,#3676);
#3676 = SURFACE_SIDE_STYLE('',(#3677));
#3677 = SURFACE_STYLE_FILL_AREA(#3678);
#3678 = FILL_AREA_STYLE('',(#3679));
#3679 = FILL_AREA_STYLE_COLOUR('',#3643);
#3680 = OVER_RIDING_STYLED_ITEM('overriding color',(#3681),#1453,#3625);
#3681 = PRESENTATION_STYLE_ASSIGNMENT((#3682));
#3682 = SURFACE_STYLE_USAGE(.BOTH.,#3683);
#3683 = SURFACE_SIDE_STYLE('',(#3684));
#3684 = SURFACE_STYLE_FILL_AREA(#3685);
#3685 = FILL_AREA_STYLE('',(#3686));
#3686 = FILL_AREA_STYLE_COLOUR('',#3672);
#3687 = OVER_RIDING_STYLED_ITEM('overriding color',(#3688),#1619,#3625);
#3688 = PRESENTATION_STYLE_ASSIGNMENT((#3689));
#3689 = SURFACE_STYLE_USAGE(.BOTH.,#3690);
#3690 = SURFACE_SIDE_STYLE('',(#3691));
#3691 = SURFACE_STYLE_FILL_AREA(#3692);
#3692 = FILL_AREA_STYLE('',(#3693));
#3693 = FILL_AREA_STYLE_COLOUR('',#3643);
#3694 = OVER_RIDING_STYLED_ITEM('overriding color',(#3695),#1785,#3625);
#3695 = PRESENTATION_STYLE_ASSIGNMENT((#3696));
#3696 = SURFACE_STYLE_USAGE(.BOTH.,#3697);
#3697 = SURFACE_SIDE_STYLE('',(#3698));
#3698 = SURFACE_STYLE_FILL_AREA(#3699);
#3699 = FILL_AREA_STYLE('',(#3700));
#3700 = FILL_AREA_STYLE_COLOUR('',#3643);
#3701 = OVER_RIDING_STYLED_ITEM('overriding color',(#3702),#1811,#3625);
#3702 = PRESENTATION_STYLE_ASSIGNMENT((#3703));
#3703 = SURFACE_STYLE_USAGE(.BOTH.,#3704);
#3704 = SURFACE_SIDE_STYLE('',(#3705));
#3705 = SURFACE_STYLE_FILL_AREA(#3706);
#3706 = FILL_AREA_STYLE('',(#3707));
#3707 = FILL_AREA_STYLE_COLOUR('',#3643);
#3708 = OVER_RIDING_STYLED_ITEM('overriding color',(#3709),#1833,#3625);
#3709 = PRESENTATION_STYLE_ASSIGNMENT((#3710));
#3710 = SURFACE_STYLE_USAGE(.BOTH.,#3711);
#3711 = SURFACE_SIDE_STYLE('',(#3712));
#3712 = SURFACE_STYLE_FILL_AREA(#3713);
#3713 = FILL_AREA_STYLE('',(#3714));
#3714 = FILL_AREA_STYLE_COLOUR('',#3643);
#3715 = OVER_RIDING_STYLED_ITEM('overriding color',(#3716),#1855,#3625);
#3716 = PRESENTATION_STYLE_ASSIGNMENT((#3717));
#3717 = SURFACE_STYLE_USAGE(.BOTH.,#3718);
#3718 = SURFACE_SIDE_STYLE('',(#3719));
#3719 = SURFACE_STYLE_FILL_AREA(#3720);
#3720 = FILL_AREA_STYLE('',(#3721));
#3721 = FILL_AREA_STYLE_COLOUR('',#3643);
#3722 = OVER_RIDING_STYLED_ITEM('overriding color',(#3723),#1877,#3625);
#3723 = PRESENTATION_STYLE_ASSIGNMENT((#3724));
#3724 = SURFACE_STYLE_USAGE(.BOTH.,#3725);
#3725 = SURFACE_SIDE_STYLE('',(#3726));
#3726 = SURFACE_STYLE_FILL_AREA(#3727);
#3727 = FILL_AREA_STYLE('',(#3728));
#3728 = FILL_AREA_STYLE_COLOUR('',#3643);
#3729 = OVER_RIDING_STYLED_ITEM('overriding color',(#3730),#1899,#3625);
#3730 = PRESENTATION_STYLE_ASSIGNMENT((#3731));
#3731 = SURFACE_STYLE_USAGE(.BOTH.,#3732);
#3732 = SURFACE_SIDE_STYLE('',(#3733));
#3733 = SURFACE_STYLE_FILL_AREA(#3734);
#3734 = FILL_AREA_STYLE('',(#3735));
#3735 = FILL_AREA_STYLE_COLOUR('',#3643);
#3736 = OVER_RIDING_STYLED_ITEM('overriding color',(#3737),#1911,#3625);
#3737 = PRESENTATION_STYLE_ASSIGNMENT((#3738));
#3738 = SURFACE_STYLE_USAGE(.BOTH.,#3739);
#3739 = SURFACE_SIDE_STYLE('',(#3740));
#3740 = SURFACE_STYLE_FILL_AREA(#3741);
#3741 = FILL_AREA_STYLE('',(#3742));
#3742 = FILL_AREA_STYLE_COLOUR('',#3643);
#3743 = OVER_RIDING_STYLED_ITEM('overriding color',(#3744),#1923,#3625);
#3744 = PRESENTATION_STYLE_ASSIGNMENT((#3745));
#3745 = SURFACE_STYLE_USAGE(.BOTH.,#3746);
#3746 = SURFACE_SIDE_STYLE('',(#3747));
#3747 = SURFACE_STYLE_FILL_AREA(#3748);
#3748 = FILL_AREA_STYLE('',(#3749));
#3749 = FILL_AREA_STYLE_COLOUR('',#3643);
#3750 = OVER_RIDING_STYLED_ITEM('overriding color',(#3751),#1935,#3625);
#3751 = PRESENTATION_STYLE_ASSIGNMENT((#3752));
#3752 = SURFACE_STYLE_USAGE(.BOTH.,#3753);
#3753 = SURFACE_SIDE_STYLE('',(#3754));
#3754 = SURFACE_STYLE_FILL_AREA(#3755);
#3755 = FILL_AREA_STYLE('',(#3756));
#3756 = FILL_AREA_STYLE_COLOUR('',#3643);
#3757 = OVER_RIDING_STYLED_ITEM('overriding color',(#3758),#1947,#3625);
#3758 = PRESENTATION_STYLE_ASSIGNMENT((#3759));
#3759 = SURFACE_STYLE_USAGE(.BOTH.,#3760);
#3760 = SURFACE_SIDE_STYLE('',(#3761));
#3761 = SURFACE_STYLE_FILL_AREA(#3762);
#3762 = FILL_AREA_STYLE('',(#3763));
#3763 = FILL_AREA_STYLE_COLOUR('',#3643);
#3764 = OVER_RIDING_STYLED_ITEM('overriding color',(#3765),#1965,#3625);
#3765 = PRESENTATION_STYLE_ASSIGNMENT((#3766));
#3766 = SURFACE_STYLE_USAGE(.BOTH.,#3767);
#3767 = SURFACE_SIDE_STYLE('',(#3768));
#3768 = SURFACE_STYLE_FILL_AREA(#3769);
#3769 = FILL_AREA_STYLE('',(#3770));
#3770 = FILL_AREA_STYLE_COLOUR('',#3643);
#3771 = OVER_RIDING_STYLED_ITEM('overriding color',(#3772),#1985,#3625);
#3772 = PRESENTATION_STYLE_ASSIGNMENT((#3773));
#3773 = SURFACE_STYLE_USAGE(.BOTH.,#3774);
#3774 = SURFACE_SIDE_STYLE('',(#3775));
#3775 = SURFACE_STYLE_FILL_AREA(#3776);
#3776 = FILL_AREA_STYLE('',(#3777));
#3777 = FILL_AREA_STYLE_COLOUR('',#3643);
#3778 = OVER_RIDING_STYLED_ITEM('overriding color',(#3779),#1997,#3625);
#3779 = PRESENTATION_STYLE_ASSIGNMENT((#3780));
#3780 = SURFACE_STYLE_USAGE(.BOTH.,#3781);
#3781 = SURFACE_SIDE_STYLE('',(#3782));
#3782 = SURFACE_STYLE_FILL_AREA(#3783);
#3783 = FILL_AREA_STYLE('',(#3784));
#3784 = FILL_AREA_STYLE_COLOUR('',#3643);
#3785 = OVER_RIDING_STYLED_ITEM('overriding color',(#3786),#2009,#3625);
#3786 = PRESENTATION_STYLE_ASSIGNMENT((#3787));
#3787 = SURFACE_STYLE_USAGE(.BOTH.,#3788);
#3788 = SURFACE_SIDE_STYLE('',(#3789));
#3789 = SURFACE_STYLE_FILL_AREA(#3790);
#3790 = FILL_AREA_STYLE('',(#3791));
#3791 = FILL_AREA_STYLE_COLOUR('',#3643);
#3792 = OVER_RIDING_STYLED_ITEM('overriding color',(#3793),#2021,#3625);
#3793 = PRESENTATION_STYLE_ASSIGNMENT((#3794));
#3794 = SURFACE_STYLE_USAGE(.BOTH.,#3795);
#3795 = SURFACE_SIDE_STYLE('',(#3796));
#3796 = SURFACE_STYLE_FILL_AREA(#3797);
#3797 = FILL_AREA_STYLE('',(#3798));
#3798 = FILL_AREA_STYLE_COLOUR('',#3643);
#3799 = OVER_RIDING_STYLED_ITEM('overriding color',(#3800),#2053,#3625);
#3800 = PRESENTATION_STYLE_ASSIGNMENT((#3801));
#3801 = SURFACE_STYLE_USAGE(.BOTH.,#3802);
#3802 = SURFACE_SIDE_STYLE('',(#3803));
#3803 = SURFACE_STYLE_FILL_AREA(#3804);
#3804 = FILL_AREA_STYLE('',(#3805));
#3805 = FILL_AREA_STYLE_COLOUR('',#3643);
#3806 = OVER_RIDING_STYLED_ITEM('overriding color',(#3807),#2077,#3625);
#3807 = PRESENTATION_STYLE_ASSIGNMENT((#3808));
#3808 = SURFACE_STYLE_USAGE(.BOTH.,#3809);
#3809 = SURFACE_SIDE_STYLE('',(#3810));
#3810 = SURFACE_STYLE_FILL_AREA(#3811);
#3811 = FILL_AREA_STYLE('',(#3812));
#3812 = FILL_AREA_STYLE_COLOUR('',#3643);
#3813 = OVER_RIDING_STYLED_ITEM('overriding color',(#3814),#2102,#3625);
#3814 = PRESENTATION_STYLE_ASSIGNMENT((#3815));
#3815 = SURFACE_STYLE_USAGE(.BOTH.,#3816);
#3816 = SURFACE_SIDE_STYLE('',(#3817));
#3817 = SURFACE_STYLE_FILL_AREA(#3818);
#3818 = FILL_AREA_STYLE('',(#3819));
#3819 = FILL_AREA_STYLE_COLOUR('',#3643);
#3820 = OVER_RIDING_STYLED_ITEM('overriding color',(#3821),#2126,#3625);
#3821 = PRESENTATION_STYLE_ASSIGNMENT((#3822));
#3822 = SURFACE_STYLE_USAGE(.BOTH.,#3823);
#3823 = SURFACE_SIDE_STYLE('',(#3824));
#3824 = SURFACE_STYLE_FILL_AREA(#3825);
#3825 = FILL_AREA_STYLE('',(#3826));
#3826 = FILL_AREA_STYLE_COLOUR('',#3643);
#3827 = OVER_RIDING_STYLED_ITEM('overriding color',(#3828),#2151,#3625);
#3828 = PRESENTATION_STYLE_ASSIGNMENT((#3829));
#3829 = SURFACE_STYLE_USAGE(.BOTH.,#3830);
#3830 = SURFACE_SIDE_STYLE('',(#3831));
#3831 = SURFACE_STYLE_FILL_AREA(#3832);
#3832 = FILL_AREA_STYLE('',(#3833));
#3833 = FILL_AREA_STYLE_COLOUR('',#3643);
#3834 = OVER_RIDING_STYLED_ITEM('overriding color',(#3835),#2175,#3625);
#3835 = PRESENTATION_STYLE_ASSIGNMENT((#3836));
#3836 = SURFACE_STYLE_USAGE(.BOTH.,#3837);
#3837 = SURFACE_SIDE_STYLE('',(#3838));
#3838 = SURFACE_STYLE_FILL_AREA(#3839);
#3839 = FILL_AREA_STYLE('',(#3840));
#3840 = FILL_AREA_STYLE_COLOUR('',#3643);
#3841 = OVER_RIDING_STYLED_ITEM('overriding color',(#3842),#2200,#3625);
#3842 = PRESENTATION_STYLE_ASSIGNMENT((#3843));
#3843 = SURFACE_STYLE_USAGE(.BOTH.,#3844);
#3844 = SURFACE_SIDE_STYLE('',(#3845));
#3845 = SURFACE_STYLE_FILL_AREA(#3846);
#3846 = FILL_AREA_STYLE('',(#3847));
#3847 = FILL_AREA_STYLE_COLOUR('',#3643);
#3848 = OVER_RIDING_STYLED_ITEM('overriding color',(#3849),#2217,#3625);
#3849 = PRESENTATION_STYLE_ASSIGNMENT((#3850));
#3850 = SURFACE_STYLE_USAGE(.BOTH.,#3851);
#3851 = SURFACE_SIDE_STYLE('',(#3852));
#3852 = SURFACE_STYLE_FILL_AREA(#3853);
#3853 = FILL_AREA_STYLE('',(#3854));
#3854 = FILL_AREA_STYLE_COLOUR('',#3643);
#3855 = OVER_RIDING_STYLED_ITEM('overriding color',(#3856),#2303,#3625);
#3856 = PRESENTATION_STYLE_ASSIGNMENT((#3857));
#3857 = SURFACE_STYLE_USAGE(.BOTH.,#3858);
#3858 = SURFACE_SIDE_STYLE('',(#3859));
#3859 = SURFACE_STYLE_FILL_AREA(#3860);
#3860 = FILL_AREA_STYLE('',(#3861));
#3861 = FILL_AREA_STYLE_COLOUR('',#3643);
#3862 = OVER_RIDING_STYLED_ITEM('overriding color',(#3863),#2325,#3625);
#3863 = PRESENTATION_STYLE_ASSIGNMENT((#3864));
#3864 = SURFACE_STYLE_USAGE(.BOTH.,#3865);
#3865 = SURFACE_SIDE_STYLE('',(#3866));
#3866 = SURFACE_STYLE_FILL_AREA(#3867);
#3867 = FILL_AREA_STYLE('',(#3868));
#3868 = FILL_AREA_STYLE_COLOUR('',#3643);
#3869 = OVER_RIDING_STYLED_ITEM('overriding color',(#3870),#2342,#3625);
#3870 = PRESENTATION_STYLE_ASSIGNMENT((#3871));
#3871 = SURFACE_STYLE_USAGE(.BOTH.,#3872);
#3872 = SURFACE_SIDE_STYLE('',(#3873));
#3873 = SURFACE_STYLE_FILL_AREA(#3874);
#3874 = FILL_AREA_STYLE('',(#3875));
#3875 = FILL_AREA_STYLE_COLOUR('',#3643);
#3876 = OVER_RIDING_STYLED_ITEM('overriding color',(#3877),#2359,#3625);
#3877 = PRESENTATION_STYLE_ASSIGNMENT((#3878));
#3878 = SURFACE_STYLE_USAGE(.BOTH.,#3879);
#3879 = SURFACE_SIDE_STYLE('',(#3880));
#3880 = SURFACE_STYLE_FILL_AREA(#3881);
#3881 = FILL_AREA_STYLE('',(#3882));
#3882 = FILL_AREA_STYLE_COLOUR('',#3643);
#3883 = OVER_RIDING_STYLED_ITEM('overriding color',(#3884),#2376,#3625);
#3884 = PRESENTATION_STYLE_ASSIGNMENT((#3885));
#3885 = SURFACE_STYLE_USAGE(.BOTH.,#3886);
#3886 = SURFACE_SIDE_STYLE('',(#3887));
#3887 = SURFACE_STYLE_FILL_AREA(#3888);
#3888 = FILL_AREA_STYLE('',(#3889));
#3889 = FILL_AREA_STYLE_COLOUR('',#3643);
#3890 = OVER_RIDING_STYLED_ITEM('overriding color',(#3891),#2393,#3625);
#3891 = PRESENTATION_STYLE_ASSIGNMENT((#3892));
#3892 = SURFACE_STYLE_USAGE(.BOTH.,#3893);
#3893 = SURFACE_SIDE_STYLE('',(#3894));
#3894 = SURFACE_STYLE_FILL_AREA(#3895);
#3895 = FILL_AREA_STYLE('',(#3896));
#3896 = FILL_AREA_STYLE_COLOUR('',#3643);
#3897 = OVER_RIDING_STYLED_ITEM('overriding color',(#3898),#2410,#3625);
#3898 = PRESENTATION_STYLE_ASSIGNMENT((#3899));
#3899 = SURFACE_STYLE_USAGE(.BOTH.,#3900);
#3900 = SURFACE_SIDE_STYLE('',(#3901));
#3901 = SURFACE_STYLE_FILL_AREA(#3902);
#3902 = FILL_AREA_STYLE('',(#3903));
#3903 = FILL_AREA_STYLE_COLOUR('',#3643);
#3904 = OVER_RIDING_STYLED_ITEM('overriding color',(#3905),#2427,#3625);
#3905 = PRESENTATION_STYLE_ASSIGNMENT((#3906));
#3906 = SURFACE_STYLE_USAGE(.BOTH.,#3907);
#3907 = SURFACE_SIDE_STYLE('',(#3908));
#3908 = SURFACE_STYLE_FILL_AREA(#3909);
#3909 = FILL_AREA_STYLE('',(#3910));
#3910 = FILL_AREA_STYLE_COLOUR('',#3643);
#3911 = OVER_RIDING_STYLED_ITEM('overriding color',(#3912),#2817,#3625);
#3912 = PRESENTATION_STYLE_ASSIGNMENT((#3913));
#3913 = SURFACE_STYLE_USAGE(.BOTH.,#3914);
#3914 = SURFACE_SIDE_STYLE('',(#3915));
#3915 = SURFACE_STYLE_FILL_AREA(#3916);
#3916 = FILL_AREA_STYLE('',(#3917));
#3917 = FILL_AREA_STYLE_COLOUR('',#3643);
#3918 = OVER_RIDING_STYLED_ITEM('overriding color',(#3919),#2849,#3625);
#3919 = PRESENTATION_STYLE_ASSIGNMENT((#3920));
#3920 = SURFACE_STYLE_USAGE(.BOTH.,#3921);
#3921 = SURFACE_SIDE_STYLE('',(#3922));
#3922 = SURFACE_STYLE_FILL_AREA(#3923);
#3923 = FILL_AREA_STYLE('',(#3924));
#3924 = FILL_AREA_STYLE_COLOUR('',#3643);
#3925 = OVER_RIDING_STYLED_ITEM('overriding color',(#3926),#2873,#3625);
#3926 = PRESENTATION_STYLE_ASSIGNMENT((#3927));
#3927 = SURFACE_STYLE_USAGE(.BOTH.,#3928);
#3928 = SURFACE_SIDE_STYLE('',(#3929));
#3929 = SURFACE_STYLE_FILL_AREA(#3930);
#3930 = FILL_AREA_STYLE('',(#3931));
#3931 = FILL_AREA_STYLE_COLOUR('',#3643);
#3932 = OVER_RIDING_STYLED_ITEM('overriding color',(#3933),#2898,#3625);
#3933 = PRESENTATION_STYLE_ASSIGNMENT((#3934));
#3934 = SURFACE_STYLE_USAGE(.BOTH.,#3935);
#3935 = SURFACE_SIDE_STYLE('',(#3936));
#3936 = SURFACE_STYLE_FILL_AREA(#3937);
#3937 = FILL_AREA_STYLE('',(#3938));
#3938 = FILL_AREA_STYLE_COLOUR('',#3643);
#3939 = OVER_RIDING_STYLED_ITEM('overriding color',(#3940),#2922,#3625);
#3940 = PRESENTATION_STYLE_ASSIGNMENT((#3941));
#3941 = SURFACE_STYLE_USAGE(.BOTH.,#3942);
#3942 = SURFACE_SIDE_STYLE('',(#3943));
#3943 = SURFACE_STYLE_FILL_AREA(#3944);
#3944 = FILL_AREA_STYLE('',(#3945));
#3945 = FILL_AREA_STYLE_COLOUR('',#3643);
#3946 = OVER_RIDING_STYLED_ITEM('overriding color',(#3947),#2947,#3625);
#3947 = PRESENTATION_STYLE_ASSIGNMENT((#3948));
#3948 = SURFACE_STYLE_USAGE(.BOTH.,#3949);
#3949 = SURFACE_SIDE_STYLE('',(#3950));
#3950 = SURFACE_STYLE_FILL_AREA(#3951);
#3951 = FILL_AREA_STYLE('',(#3952));
#3952 = FILL_AREA_STYLE_COLOUR('',#3643);
#3953 = OVER_RIDING_STYLED_ITEM('overriding color',(#3954),#2971,#3625);
#3954 = PRESENTATION_STYLE_ASSIGNMENT((#3955));
#3955 = SURFACE_STYLE_USAGE(.BOTH.,#3956);
#3956 = SURFACE_SIDE_STYLE('',(#3957));
#3957 = SURFACE_STYLE_FILL_AREA(#3958);
#3958 = FILL_AREA_STYLE('',(#3959));
#3959 = FILL_AREA_STYLE_COLOUR('',#3643);
#3960 = OVER_RIDING_STYLED_ITEM('overriding color',(#3961),#2996,#3625);
#3961 = PRESENTATION_STYLE_ASSIGNMENT((#3962));
#3962 = SURFACE_STYLE_USAGE(.BOTH.,#3963);
#3963 = SURFACE_SIDE_STYLE('',(#3964));
#3964 = SURFACE_STYLE_FILL_AREA(#3965);
#3965 = FILL_AREA_STYLE('',(#3966));
#3966 = FILL_AREA_STYLE_COLOUR('',#3643);
#3967 = OVER_RIDING_STYLED_ITEM('overriding color',(#3968),#3013,#3625);
#3968 = PRESENTATION_STYLE_ASSIGNMENT((#3969));
#3969 = SURFACE_STYLE_USAGE(.BOTH.,#3970);
#3970 = SURFACE_SIDE_STYLE('',(#3971));
#3971 = SURFACE_STYLE_FILL_AREA(#3972);
#3972 = FILL_AREA_STYLE('',(#3973));
#3973 = FILL_AREA_STYLE_COLOUR('',#3643);
#3974 = OVER_RIDING_STYLED_ITEM('overriding color',(#3975),#3099,#3625);
#3975 = PRESENTATION_STYLE_ASSIGNMENT((#3976));
#3976 = SURFACE_STYLE_USAGE(.BOTH.,#3977);
#3977 = SURFACE_SIDE_STYLE('',(#3978));
#3978 = SURFACE_STYLE_FILL_AREA(#3979);
#3979 = FILL_AREA_STYLE('',(#3980));
#3980 = FILL_AREA_STYLE_COLOUR('',#3643);
#3981 = OVER_RIDING_STYLED_ITEM('overriding color',(#3982),#3121,#3625);
#3982 = PRESENTATION_STYLE_ASSIGNMENT((#3983));
#3983 = SURFACE_STYLE_USAGE(.BOTH.,#3984);
#3984 = SURFACE_SIDE_STYLE('',(#3985));
#3985 = SURFACE_STYLE_FILL_AREA(#3986);
#3986 = FILL_AREA_STYLE('',(#3987));
#3987 = FILL_AREA_STYLE_COLOUR('',#3643);
#3988 = OVER_RIDING_STYLED_ITEM('overriding color',(#3989),#3138,#3625);
#3989 = PRESENTATION_STYLE_ASSIGNMENT((#3990));
#3990 = SURFACE_STYLE_USAGE(.BOTH.,#3991);
#3991 = SURFACE_SIDE_STYLE('',(#3992));
#3992 = SURFACE_STYLE_FILL_AREA(#3993);
#3993 = FILL_AREA_STYLE('',(#3994));
#3994 = FILL_AREA_STYLE_COLOUR('',#3643);
#3995 = OVER_RIDING_STYLED_ITEM('overriding color',(#3996),#3155,#3625);
#3996 = PRESENTATION_STYLE_ASSIGNMENT((#3997));
#3997 = SURFACE_STYLE_USAGE(.BOTH.,#3998);
#3998 = SURFACE_SIDE_STYLE('',(#3999));
#3999 = SURFACE_STYLE_FILL_AREA(#4000);
#4000 = FILL_AREA_STYLE('',(#4001));
#4001 = FILL_AREA_STYLE_COLOUR('',#3643);
#4002 = OVER_RIDING_STYLED_ITEM('overriding color',(#4003),#3172,#3625);
#4003 = PRESENTATION_STYLE_ASSIGNMENT((#4004));
#4004 = SURFACE_STYLE_USAGE(.BOTH.,#4005);
#4005 = SURFACE_SIDE_STYLE('',(#4006));
#4006 = SURFACE_STYLE_FILL_AREA(#4007);
#4007 = FILL_AREA_STYLE('',(#4008));
#4008 = FILL_AREA_STYLE_COLOUR('',#3643);
#4009 = OVER_RIDING_STYLED_ITEM('overriding color',(#4010),#3189,#3625);
#4010 = PRESENTATION_STYLE_ASSIGNMENT((#4011));
#4011 = SURFACE_STYLE_USAGE(.BOTH.,#4012);
#4012 = SURFACE_SIDE_STYLE('',(#4013));
#4013 = SURFACE_STYLE_FILL_AREA(#4014);
#4014 = FILL_AREA_STYLE('',(#4015));
#4015 = FILL_AREA_STYLE_COLOUR('',#3643);
#4016 = OVER_RIDING_STYLED_ITEM('overriding color',(#4017),#3206,#3625);
#4017 = PRESENTATION_STYLE_ASSIGNMENT((#4018));
#4018 = SURFACE_STYLE_USAGE(.BOTH.,#4019);
#4019 = SURFACE_SIDE_STYLE('',(#4020));
#4020 = SURFACE_STYLE_FILL_AREA(#4021);
#4021 = FILL_AREA_STYLE('',(#4022));
#4022 = FILL_AREA_STYLE_COLOUR('',#3643);
#4023 = OVER_RIDING_STYLED_ITEM('overriding color',(#4024),#3223,#3625);
#4024 = PRESENTATION_STYLE_ASSIGNMENT((#4025));
#4025 = SURFACE_STYLE_USAGE(.BOTH.,#4026);
#4026 = SURFACE_SIDE_STYLE('',(#4027));
#4027 = SURFACE_STYLE_FILL_AREA(#4028);
#4028 = FILL_AREA_STYLE('',(#4029));
#4029 = FILL_AREA_STYLE_COLOUR('',#3643);
ENDSEC;
END-ISO-10303-21;
